Ticker,Signal_Date,Entry_Date,Entry_Price,Exit_Date,Exit_Price,Actual_Return_%,Exit_Reason,Pred_Return_%
YINN,2024-01-10,2024-01-10,16.69,2024-01-16,15.86,-5.0,Stop Loss (-5.0%),2.23
MPW,2024-01-10,2024-01-10,3.1,2024-01-12,2.95,-5.0,Stop Loss (-5.0%),2.3
REPL,2024-01-12,2024-01-12,8.95,2024-01-12,8.5,-5.0,Stop Loss (-5.0%),2.08
ARQT,2024-01-12,2024-01-12,3.73,2024-01-12,3.54,-5.0,Stop Loss (-5.0%),2.1
ARQT,2024-01-16,2024-01-16,3.65,2024-01-16,3.47,-5.0,Stop Loss (-5.0%),2.24
TZA,2024-01-16,2024-01-16,21.29,2024-01-19,21.49,0.96,Time Exit (3 Days),2.01
CFLT,2024-01-19,2024-01-19,21.73,2024-01-24,22.72,4.56,Time Exit (3 Days),2.09
COGT,2024-01-19,2024-01-19,4.67,2024-01-24,4.44,-5.0,Stop Loss (-5.0%),2.22
SE,2024-01-22,2024-01-22,36.02,2024-01-25,39.54,9.77,Time Exit (3 Days),2.05
BILI,2024-01-22,2024-01-22,8.9,2024-01-25,9.94,11.69,Time Exit (3 Days),2.0
SBUX,2024-01-25,2024-01-25,86.99,2024-01-30,87.73,0.85,Time Exit (3 Days),2.93
ROKU,2024-01-25,2024-01-25,89.11,2024-01-30,92.4,3.69,Time Exit (3 Days),2.5
FINV,2024-01-26,2024-01-26,4.4,2024-01-31,4.32,-1.67,Time Exit (3 Days),2.04
ROKU,2024-01-26,2024-01-26,89.53,2024-01-31,90.0,0.52,Time Exit (3 Days),2.41
AFRM,2024-01-29,2024-01-29,41.54,2024-02-01,39.47,-5.0,Stop Loss (-5.0%),2.08
KC,2024-01-29,2024-01-29,2.61,2024-01-30,2.48,-5.0,Stop Loss (-5.0%),2.28
GAP,2024-01-30,2024-01-30,18.3,2024-02-02,18.09,-1.19,Time Exit (3 Days),2.27
LI,2024-01-31,2024-01-31,27.27,2024-02-05,28.23,3.52,Time Exit (3 Days),2.05
UPST,2024-02-01,2024-02-01,32.19,2024-02-06,32.14,-0.16,Time Exit (3 Days),2.05
RIVN,2024-02-01,2024-02-01,15.54,2024-02-05,14.76,-5.0,Stop Loss (-5.0%),2.81
RIG,2024-02-02,2024-02-02,5.33,2024-02-05,5.06,-5.0,Stop Loss (-5.0%),3.11
HUT,2024-02-08,2024-02-08,6.97,2024-02-13,8.38,20.23,Time Exit (3 Days),2.25
SGML,2024-02-08,2024-02-08,13.05,2024-02-13,14.56,11.57,Time Exit (3 Days),2.41
SQM,2024-02-12,2024-02-12,40.01,2024-02-15,39.94,-0.17,Time Exit (3 Days),2.04
TZA,2024-02-12,2024-02-12,18.77,2024-02-12,17.83,-5.0,Stop Loss (-5.0%),2.08
SBAC,2024-02-28,2024-02-28,191.44,2024-03-04,200.2,4.57,Time Exit (3 Days),2.04
KGC,2024-02-28,2024-02-28,4.73,2024-03-04,5.06,7.04,Time Exit (3 Days),2.1
RIVN,2024-03-12,2024-03-12,12.75,2024-03-12,12.11,-5.0,Stop Loss (-5.0%),2.16
RIVN,2024-03-13,2024-03-13,11.95,2024-03-14,11.35,-5.0,Stop Loss (-5.0%),2.07
SSRM,2024-03-22,2024-03-22,4.06,2024-03-27,4.1,0.99,Time Exit (3 Days),2.67
SOUN,2024-04-22,2024-04-22,3.53,2024-04-25,3.88,9.92,Time Exit (3 Days),3.84
NFLX,2024-04-22,2024-04-22,55.07,2024-04-25,54.95,-0.22,Time Exit (3 Days),2.92
NVDA,2024-04-23,2024-04-23,80.73,2024-04-26,83.78,3.77,Time Exit (3 Days),2.17
TSLA,2024-04-29,2024-04-29,188.42,2024-05-02,179.0,-5.0,Stop Loss (-5.0%),3.18
ABBV,2024-04-29,2024-04-29,150.37,2024-05-02,152.81,1.62,Time Exit (3 Days),3.01
NVDA,2024-05-01,2024-05-01,85.03,2024-05-06,89.34,5.07,Time Exit (3 Days),2.25
NVO,2024-05-01,2024-05-01,123.91,2024-05-03,117.71,-5.0,Stop Loss (-5.0%),2.18
SNOW,2024-05-02,2024-05-02,158.01,2024-05-07,160.22,1.4,Time Exit (3 Days),3.79
BILL,2024-05-06,2024-05-06,57.05,2024-05-09,56.36,-1.21,Time Exit (3 Days),2.03
ASX,2024-05-08,2024-05-08,9.74,2024-05-13,9.66,-0.77,Time Exit (3 Days),3.26
PLTR,2024-05-08,2024-05-08,21.58,2024-05-10,20.5,-5.0,Stop Loss (-5.0%),4.2
UNIT,2024-05-09,2024-05-09,6.15,2024-05-14,6.13,-0.26,Time Exit (3 Days),2.68
ABBV,2024-05-09,2024-05-09,151.52,2024-05-14,152.32,0.52,Time Exit (3 Days),4.01
MA,2024-05-10,2024-05-10,452.76,2024-05-15,448.27,-0.99,Time Exit (3 Days),2.69
SNAP,2024-05-13,2024-05-13,15.98,2024-05-16,16.03,0.31,Time Exit (3 Days),3.09
SNAP,2024-05-14,2024-05-14,15.71,2024-05-17,16.01,1.91,Time Exit (3 Days),2.06
DIS,2024-05-16,2024-05-16,101.0,2024-05-21,100.95,-0.05,Time Exit (3 Days),6.51
NEXT,2024-05-16,2024-05-16,7.05,2024-05-21,8.0,13.48,Time Exit (3 Days),2.14
REAL,2024-05-20,2024-05-20,4.14,2024-05-23,3.93,-5.0,Stop Loss (-5.0%),2.06
FIVE,2024-05-20,2024-05-20,137.23,2024-05-22,130.37,-5.0,Stop Loss (-5.0%),3.64
FIVE,2024-05-21,2024-05-21,134.54,2024-05-24,129.84,-3.49,Time Exit (3 Days),3.53
POOL,2024-05-21,2024-05-21,359.87,2024-05-24,358.1,-0.49,Time Exit (3 Days),2.59
ABNB,2024-05-23,2024-05-23,142.58,2024-05-29,144.88,1.61,Time Exit (3 Days),2.21
MMM,2024-05-23,2024-05-23,97.08,2024-05-29,94.54,-2.61,Time Exit (3 Days),2.16
LULU,2024-05-24,2024-05-24,301.53,2024-05-30,299.84,-0.56,Time Exit (3 Days),3.18
NVD,2024-05-24,2024-05-24,67.7,2024-05-28,64.32,-5.0,Stop Loss (-5.0%),2.83
AL,2024-05-30,2024-05-30,45.38,2024-06-04,45.66,0.62,Time Exit (3 Days),2.11
SG,2024-05-30,2024-05-30,29.54,2024-06-04,30.71,3.96,Time Exit (3 Days),2.32
NVDA,2024-05-31,2024-05-31,112.46,2024-06-05,118.31,5.2,Time Exit (3 Days),2.03
LOW,2024-05-31,2024-05-31,209.39,2024-06-05,209.67,0.13,Time Exit (3 Days),3.47
NVDA,2024-06-03,2024-06-03,113.56,2024-06-06,123.98,9.18,Time Exit (3 Days),2.36
VKTX,2024-06-03,2024-06-03,62.27,2024-06-04,59.16,-5.0,Stop Loss (-5.0%),3.62
TAP,2024-06-05,2024-06-05,49.9,2024-06-10,49.21,-1.39,Time Exit (3 Days),2.71
ASTS,2024-06-06,2024-06-06,8.72,2024-06-10,8.28,-5.0,Stop Loss (-5.0%),2.19
YANG,2024-06-06,2024-06-06,144.78,2024-06-11,153.16,5.78,Time Exit (3 Days),2.52
SWK,2024-06-10,2024-06-10,76.72,2024-06-13,81.14,5.77,Time Exit (3 Days),2.34
DVN,2024-06-10,2024-06-10,44.45,2024-06-13,44.23,-0.49,Time Exit (3 Days),2.06
NVAX,2024-06-11,2024-06-11,15.82,2024-06-13,15.03,-5.0,Stop Loss (-5.0%),2.85
SIRI,2024-06-11,2024-06-11,23.45,2024-06-14,23.17,-1.18,Time Exit (3 Days),3.56
LRN,2024-06-12,2024-06-12,67.68,2024-06-17,67.89,0.31,Time Exit (3 Days),2.23
MBLY,2024-06-12,2024-06-12,30.5,2024-06-13,28.98,-5.0,Stop Loss (-5.0%),2.71
CZR,2024-06-18,2024-06-18,35.9,2024-06-24,38.93,8.44,Time Exit (3 Days),2.54
SCHW,2024-06-18,2024-06-18,71.11,2024-06-24,71.7,0.82,Time Exit (3 Days),2.51
MS,2024-06-21,2024-06-21,93.09,2024-06-26,93.15,0.06,Time Exit (3 Days),2.83
ARRY,2024-06-24,2024-06-24,11.21,2024-06-25,10.65,-5.0,Stop Loss (-5.0%),2.15
TMDX,2024-06-24,2024-06-24,138.06,2024-06-27,144.5,4.66,Time Exit (3 Days),2.02
AG,2024-06-26,2024-06-26,5.87,2024-07-01,5.91,0.68,Time Exit (3 Days),2.09
SIRI,2024-06-27,2024-06-27,24.93,2024-07-02,26.86,7.78,Time Exit (3 Days),4.34
MPW,2024-06-27,2024-06-27,4.2,2024-06-28,3.99,-5.0,Stop Loss (-5.0%),2.22
REGN,2024-06-28,2024-06-28,1047.73,2024-07-03,1035.29,-1.19,Time Exit (3 Days),2.54
SIRI,2024-06-28,2024-06-28,25.39,2024-07-03,28.8,13.45,Time Exit (3 Days),4.27
VNDA,2024-07-01,2024-07-01,5.68,2024-07-02,5.4,-5.0,Stop Loss (-5.0%),2.47
SMCI,2024-07-02,2024-07-02,79.94,2024-07-08,86.4,8.08,Time Exit (3 Days),4.2
UNIT,2024-07-02,2024-07-02,4.57,2024-07-08,4.67,2.18,Time Exit (3 Days),2.69
LULU,2024-07-03,2024-07-03,301.67,2024-07-09,293.7,-2.64,Time Exit (3 Days),2.43
SMCI,2024-07-03,2024-07-03,83.72,2024-07-09,90.78,8.44,Time Exit (3 Days),3.75
OI,2024-07-05,2024-07-05,10.45,2024-07-10,10.31,-1.34,Time Exit (3 Days),2.24
CELH,2024-07-05,2024-07-05,57.79,2024-07-08,54.9,-5.0,Stop Loss (-5.0%),2.85
ST,2024-07-08,2024-07-08,37.24,2024-07-11,38.75,4.08,Time Exit (3 Days),2.27
CVNA,2024-07-09,2024-07-09,122.3,2024-07-12,131.23,7.3,Time Exit (3 Days),3.92
SIRI,2024-07-09,2024-07-09,30.0,2024-07-12,33.33,11.08,Time Exit (3 Days),3.8
MSTR,2024-07-10,2024-07-10,131.97,2024-07-15,152.4,15.48,Time Exit (3 Days),2.28
CROX,2024-07-10,2024-07-10,144.45,2024-07-15,137.23,-5.0,Stop Loss (-5.0%),3.82
COUR,2024-07-11,2024-07-11,7.18,2024-07-16,7.31,1.81,Time Exit (3 Days),2.0
JBHT,2024-07-11,2024-07-11,158.07,2024-07-16,166.43,5.29,Time Exit (3 Days),2.51
SMCI,2024-07-12,2024-07-12,88.96,2024-07-17,84.51,-5.0,Stop Loss (-5.0%),2.08
CCL,2024-07-12,2024-07-12,18.07,2024-07-17,18.59,2.92,Time Exit (3 Days),2.37
MBLY,2024-07-15,2024-07-15,27.38,2024-07-17,26.01,-5.0,Stop Loss (-5.0%),2.56
CMCSA,2024-07-15,2024-07-15,33.89,2024-07-18,35.64,5.18,Time Exit (3 Days),2.61
SMCI,2024-07-16,2024-07-16,90.13,2024-07-17,85.63,-5.0,Stop Loss (-5.0%),2.11
CELH,2024-07-18,2024-07-18,50.91,2024-07-22,48.36,-5.0,Stop Loss (-5.0%),5.78
PLD,2024-07-18,2024-07-18,116.4,2024-07-23,119.69,2.82,Time Exit (3 Days),3.14
CVS,2024-07-19,2024-07-19,56.07,2024-07-24,54.63,-2.56,Time Exit (3 Days),6.69
SHOP,2024-07-19,2024-07-19,62.51,2024-07-24,59.38,-5.0,Stop Loss (-5.0%),4.22
DPZ,2024-07-22,2024-07-22,394.03,2024-07-25,414.28,5.14,Time Exit (3 Days),3.78
DECK,2024-07-22,2024-07-22,146.67,2024-07-25,139.33,-5.0,Stop Loss (-5.0%),2.63
PINS,2024-07-23,2024-07-23,41.37,2024-07-24,39.3,-5.0,Stop Loss (-5.0%),4.35
HBM,2024-07-23,2024-07-23,7.97,2024-07-26,8.07,1.38,Time Exit (3 Days),3.21
PINS,2024-07-24,2024-07-24,39.8,2024-07-25,37.81,-5.0,Stop Loss (-5.0%),2.1
ORCL,2024-07-26,2024-07-26,136.83,2024-07-31,137.64,0.59,Time Exit (3 Days),4.0
ORCL,2024-07-29,2024-07-29,137.23,2024-08-01,137.25,0.01,Time Exit (3 Days),2.32
CYBR,2024-07-30,2024-07-30,261.55,2024-08-02,248.47,-5.0,Stop Loss (-5.0%),2.66
MRK,2024-07-31,2024-07-31,110.17,2024-08-05,109.17,-0.91,Time Exit (3 Days),2.44
BE,2024-07-31,2024-07-31,13.42,2024-08-01,12.75,-5.0,Stop Loss (-5.0%),2.04
WBD,2024-08-01,2024-08-01,8.6,2024-08-02,8.17,-5.0,Stop Loss (-5.0%),2.09
CAT,2024-08-02,2024-08-02,316.07,2024-08-07,326.61,3.33,Time Exit (3 Days),5.17
ADBE,2024-08-02,2024-08-02,535.78,2024-08-05,508.99,-5.0,Stop Loss (-5.0%),4.29
ADBE,2024-08-05,2024-08-05,504.23,2024-08-08,520.59,3.24,Time Exit (3 Days),5.1
BIDU,2024-08-05,2024-08-05,80.18,2024-08-08,83.19,3.75,Time Exit (3 Days),2.01
IBM,2024-08-06,2024-08-06,176.09,2024-08-09,183.86,4.41,Time Exit (3 Days),2.45
UNIT,2024-08-06,2024-08-06,6.06,2024-08-09,7.01,15.62,Time Exit (3 Days),2.78
CELH,2024-08-07,2024-08-07,40.21,2024-08-08,38.2,-5.0,Stop Loss (-5.0%),3.63
GILD,2024-08-08,2024-08-08,70.77,2024-08-13,69.72,-1.49,Time Exit (3 Days),2.06
ABNB,2024-08-09,2024-08-09,114.46,2024-08-14,117.72,2.84,Time Exit (3 Days),3.35
TSLA,2024-08-09,2024-08-09,197.05,2024-08-14,207.39,5.25,Time Exit (3 Days),3.13
SEE,2024-08-12,2024-08-12,32.11,2024-08-15,31.57,-1.68,Time Exit (3 Days),3.24
NOV,2024-08-12,2024-08-12,17.1,2024-08-15,17.02,-0.5,Time Exit (3 Days),2.23
VSAT,2024-08-13,2024-08-13,18.28,2024-08-13,17.37,-5.0,Stop Loss (-5.0%),2.14
SPGI,2024-08-13,2024-08-13,482.13,2024-08-16,487.5,1.11,Time Exit (3 Days),2.31
NAIL,2024-08-14,2024-08-14,123.62,2024-08-19,126.63,2.43,Time Exit (3 Days),3.77
XOM,2024-08-14,2024-08-14,111.35,2024-08-19,112.53,1.06,Time Exit (3 Days),2.61
CRSP,2024-08-15,2024-08-15,47.77,2024-08-20,49.75,4.14,Time Exit (3 Days),4.74
NEXT,2024-08-15,2024-08-15,4.8,2024-08-15,4.56,-5.0,Stop Loss (-5.0%),3.1
CRSP,2024-08-16,2024-08-16,48.35,2024-08-21,49.38,2.13,Time Exit (3 Days),3.09
NEXT,2024-08-19,2024-08-19,4.7,2024-08-22,4.95,5.32,Time Exit (3 Days),3.03
ADBE,2024-08-20,2024-08-20,564.48,2024-08-23,565.45,0.17,Time Exit (3 Days),2.11
IT,2024-08-20,2024-08-20,484.62,2024-08-23,480.08,-0.94,Time Exit (3 Days),2.03
IT,2024-08-21,2024-08-21,483.84,2024-08-26,481.54,-0.48,Time Exit (3 Days),4.69
WWW,2024-08-21,2024-08-21,12.19,2024-08-26,13.21,8.34,Time Exit (3 Days),3.2
IT,2024-08-22,2024-08-22,481.94,2024-08-27,481.15,-0.16,Time Exit (3 Days),4.61
EVER,2024-08-22,2024-08-22,20.97,2024-08-27,23.33,11.25,Time Exit (3 Days),2.6
HE,2024-08-23,2024-08-23,11.46,2024-08-27,10.89,-5.0,Stop Loss (-5.0%),2.13
CELH,2024-08-23,2024-08-23,39.92,2024-08-28,37.92,-5.0,Stop Loss (-5.0%),4.36
CELH,2024-08-26,2024-08-26,39.71,2024-08-29,37.72,-5.0,Stop Loss (-5.0%),4.46
CAR,2024-08-26,2024-08-26,88.98,2024-08-28,84.53,-5.0,Stop Loss (-5.0%),3.32
UNH,2024-08-27,2024-08-27,571.08,2024-08-30,571.59,0.09,Time Exit (3 Days),2.12
LRCX,2024-08-27,2024-08-27,79.84,2024-08-30,81.12,1.59,Time Exit (3 Days),5.57
TAN,2024-08-28,2024-08-28,40.98,2024-09-03,41.04,0.15,Time Exit (3 Days),2.54
SHOP,2024-08-28,2024-08-28,74.23,2024-09-03,73.15,-1.45,Time Exit (3 Days),2.8
BIDU,2024-08-29,2024-08-29,83.72,2024-09-04,82.91,-0.97,Time Exit (3 Days),2.97
GRPN,2024-08-29,2024-08-29,13.56,2024-09-03,12.88,-5.0,Stop Loss (-5.0%),2.61
CVNA,2024-08-30,2024-08-30,152.3,2024-09-03,144.69,-5.0,Stop Loss (-5.0%),2.96
REGN,2024-08-30,2024-08-30,1171.29,2024-09-05,1167.27,-0.34,Time Exit (3 Days),2.67
BILL,2024-09-03,2024-09-03,54.07,2024-09-06,56.2,3.94,Time Exit (3 Days),2.21
ZM,2024-09-03,2024-09-03,69.08,2024-09-06,67.93,-1.66,Time Exit (3 Days),2.53
TRIP,2024-09-04,2024-09-04,13.72,2024-09-09,13.82,0.73,Time Exit (3 Days),2.24
WBD,2024-09-04,2024-09-04,7.4,2024-09-09,7.03,-5.0,Stop Loss (-5.0%),2.67
NEXT,2024-09-05,2024-09-05,4.37,2024-09-10,4.75,8.7,Time Exit (3 Days),3.8
TRIP,2024-09-05,2024-09-05,13.82,2024-09-10,13.13,-5.0,Stop Loss (-5.0%),2.88
EYE,2024-09-09,2024-09-09,9.71,2024-09-12,10.37,6.8,Time Exit (3 Days),2.65
MET,2024-09-09,2024-09-09,71.59,2024-09-12,71.75,0.23,Time Exit (3 Days),3.17
EYE,2024-09-10,2024-09-10,9.73,2024-09-13,10.57,8.63,Time Exit (3 Days),2.93
NAIL,2024-09-10,2024-09-10,136.7,2024-09-11,129.87,-5.0,Stop Loss (-5.0%),3.25
VSCO,2024-09-11,2024-09-11,21.65,2024-09-16,23.8,9.93,Time Exit (3 Days),2.07
JPM,2024-09-11,2024-09-11,198.87,2024-09-16,199.44,0.28,Time Exit (3 Days),2.71
MSCI,2024-09-12,2024-09-12,549.38,2024-09-17,556.8,1.35,Time Exit (3 Days),2.12
SKY,2024-09-12,2024-09-12,87.96,2024-09-17,95.29,8.33,Time Exit (3 Days),2.01
GRPN,2024-09-13,2024-09-13,11.24,2024-09-18,12.36,9.96,Time Exit (3 Days),2.98
INTU,2024-09-13,2024-09-13,636.44,2024-09-18,636.47,0.0,Time Exit (3 Days),2.28
MTCH,2024-09-16,2024-09-16,34.16,2024-09-19,35.71,4.52,Time Exit (3 Days),2.91
TRMB,2024-09-16,2024-09-16,56.59,2024-09-19,59.5,5.14,Time Exit (3 Days),2.72
TTD,2024-09-17,2024-09-17,106.44,2024-09-20,109.6,2.97,Time Exit (3 Days),3.41
ADBE,2024-09-18,2024-09-18,517.01,2024-09-23,525.71,1.68,Time Exit (3 Days),2.32
CDNS,2024-09-18,2024-09-18,275.16,2024-09-23,274.64,-0.19,Time Exit (3 Days),2.58
FIVE,2024-09-19,2024-09-19,99.0,2024-09-23,94.05,-5.0,Stop Loss (-5.0%),2.39
TMDX,2024-09-19,2024-09-19,160.79,2024-09-24,161.89,0.68,Time Exit (3 Days),2.23
ELAN,2024-09-23,2024-09-23,14.17,2024-09-26,13.46,-5.0,Stop Loss (-5.0%),2.28
CHWY,2024-09-23,2024-09-23,29.73,2024-09-26,29.59,-0.47,Time Exit (3 Days),3.12
MRVL,2024-09-24,2024-09-24,72.07,2024-09-27,72.86,1.09,Time Exit (3 Days),2.05
GME,2024-09-25,2024-09-25,22.16,2024-09-30,22.3,0.63,Time Exit (3 Days),3.59
BOIL,2024-09-25,2024-09-25,56.0,2024-09-26,53.2,-5.0,Stop Loss (-5.0%),2.31
MOH,2024-09-26,2024-09-26,344.16,2024-10-01,345.89,0.5,Time Exit (3 Days),2.62
TTWO,2024-09-27,2024-09-27,152.49,2024-10-02,150.32,-1.42,Time Exit (3 Days),2.32
EVER,2024-09-27,2024-09-27,21.01,2024-10-02,19.96,-5.0,Stop Loss (-5.0%),2.33
LSCC,2024-09-30,2024-09-30,52.94,2024-10-03,50.82,-4.0,Time Exit (3 Days),3.74
VAL,2024-09-30,2024-09-30,55.53,2024-10-03,55.11,-0.76,Time Exit (3 Days),2.54
SOXL,2024-10-01,2024-10-01,36.25,2024-10-01,34.44,-5.0,Stop Loss (-5.0%),2.2
EXPE,2024-10-01,2024-10-01,146.83,2024-10-04,148.41,1.07,Time Exit (3 Days),2.19
PEGA,2024-10-02,2024-10-02,35.18,2024-10-07,36.25,3.02,Time Exit (3 Days),3.13
NEXT,2024-10-03,2024-10-03,4.75,2024-10-08,5.08,6.95,Time Exit (3 Days),3.4
EYE,2024-10-04,2024-10-04,10.48,2024-10-09,10.24,-2.29,Time Exit (3 Days),2.43
WWD,2024-10-04,2024-10-04,163.78,2024-10-09,159.96,-2.33,Time Exit (3 Days),2.28
MDT,2024-10-07,2024-10-07,84.44,2024-10-10,85.79,1.59,Time Exit (3 Days),2.14
GEV,2024-10-07,2024-10-07,264.59,2024-10-10,263.18,-0.53,Time Exit (3 Days),2.6
DPZ,2024-10-08,2024-10-08,402.73,2024-10-11,406.99,1.06,Time Exit (3 Days),3.44
MRNA,2024-10-08,2024-10-08,58.53,2024-10-11,56.71,-3.11,Time Exit (3 Days),2.05
VST,2024-10-09,2024-10-09,125.52,2024-10-11,119.24,-5.0,Stop Loss (-5.0%),4.37
GDS,2024-10-09,2024-10-09,19.98,2024-10-14,21.22,6.21,Time Exit (3 Days),2.15
EBS,2024-10-10,2024-10-10,8.82,2024-10-10,8.38,-5.0,Stop Loss (-5.0%),2.58
ITUB,2024-10-10,2024-10-10,4.8,2024-10-15,4.76,-0.64,Time Exit (3 Days),2.18
WING,2024-10-11,2024-10-11,394.22,2024-10-16,393.38,-0.21,Time Exit (3 Days),2.23
FSLR,2024-10-11,2024-10-11,207.21,2024-10-16,202.95,-2.06,Time Exit (3 Days),2.88
DIS,2024-10-14,2024-10-14,92.74,2024-10-17,95.45,2.92,Time Exit (3 Days),4.37
DLTR,2024-10-14,2024-10-14,68.73,2024-10-17,68.05,-0.99,Time Exit (3 Days),2.32
PDD,2024-10-15,2024-10-15,131.06,2024-10-17,124.51,-5.0,Stop Loss (-5.0%),2.05
DIS,2024-10-15,2024-10-15,93.79,2024-10-18,95.53,1.85,Time Exit (3 Days),3.04
DIS,2024-10-16,2024-10-16,92.3,2024-10-21,95.71,3.7,Time Exit (3 Days),2.46
CVNA,2024-10-16,2024-10-16,192.88,2024-10-21,191.2,-0.87,Time Exit (3 Days),3.16
MBLY,2024-10-17,2024-10-17,12.26,2024-10-22,13.25,8.08,Time Exit (3 Days),2.89
RMD,2024-10-17,2024-10-17,236.6,2024-10-22,235.89,-0.3,Time Exit (3 Days),2.11
FXI,2024-10-18,2024-10-18,31.19,2024-10-23,31.09,-0.31,Time Exit (3 Days),2.45
GSK,2024-10-21,2024-10-21,36.2,2024-10-24,35.76,-1.2,Time Exit (3 Days),2.67
DJT,2024-10-22,2024-10-22,32.08,2024-10-25,35.24,9.87,Time Exit (3 Days),2.7
EPAM,2024-10-22,2024-10-22,199.45,2024-10-25,191.5,-3.99,Time Exit (3 Days),2.88
ABNB,2024-10-23,2024-10-23,135.0,2024-10-28,136.3,0.96,Time Exit (3 Days),2.35
LRCX,2024-10-23,2024-10-23,71.49,2024-10-28,76.24,6.63,Time Exit (3 Days),2.49
EDU,2024-10-24,2024-10-24,60.82,2024-10-29,64.99,6.86,Time Exit (3 Days),2.36
DJT,2024-10-24,2024-10-24,34.67,2024-10-29,53.75,55.03,Time Exit (3 Days),2.13
CCL,2024-10-25,2024-10-25,20.88,2024-10-30,21.82,4.48,Time Exit (3 Days),2.27
CTRA,2024-10-25,2024-10-25,23.19,2024-10-30,22.98,-0.91,Time Exit (3 Days),2.39
SU,2024-10-28,2024-10-28,36.66,2024-10-31,37.03,1.0,Time Exit (3 Days),2.93
SEDG,2024-10-29,2024-10-29,17.5,2024-10-29,16.62,-5.0,Stop Loss (-5.0%),2.45
WST,2024-10-29,2024-10-29,308.91,2024-11-01,307.44,-0.48,Time Exit (3 Days),2.12
AAP,2024-10-30,2024-10-30,35.07,2024-11-04,35.33,0.75,Time Exit (3 Days),3.08
SPGI,2024-10-30,2024-10-30,482.08,2024-11-04,478.43,-0.76,Time Exit (3 Days),2.06
AAP,2024-10-31,2024-10-31,34.99,2024-11-05,36.21,3.47,Time Exit (3 Days),2.85
PINS,2024-11-01,2024-11-01,31.93,2024-11-06,33.3,4.29,Time Exit (3 Days),4.68
AR,2024-11-04,2024-11-04,25.62,2024-11-07,28.65,11.83,Time Exit (3 Days),3.37
RCL,2024-11-04,2024-11-04,198.26,2024-11-07,220.64,11.29,Time Exit (3 Days),2.55
GWRE,2024-11-05,2024-11-05,186.44,2024-11-08,196.0,5.13,Time Exit (3 Days),3.35
CEG,2024-11-05,2024-11-05,228.71,2024-11-08,241.52,5.6,Time Exit (3 Days),2.06
GWRE,2024-11-06,2024-11-06,192.06,2024-11-11,196.55,2.34,Time Exit (3 Days),4.52
JD,2024-11-06,2024-11-06,36.97,2024-11-11,37.96,2.67,Time Exit (3 Days),2.99
MCHI,2024-11-07,2024-11-07,49.77,2024-11-08,47.28,-5.0,Stop Loss (-5.0%),2.28
ANET,2024-11-07,2024-11-07,106.75,2024-11-08,101.42,-5.0,Stop Loss (-5.0%),2.13
ENPH,2024-11-08,2024-11-08,70.29,2024-11-08,66.78,-5.0,Stop Loss (-5.0%),5.45
NCLH,2024-11-08,2024-11-08,26.82,2024-11-13,27.87,3.91,Time Exit (3 Days),2.09
VALE,2024-11-11,2024-11-11,9.02,2024-11-14,8.66,-4.07,Time Exit (3 Days),2.34
AAP,2024-11-11,2024-11-11,36.95,2024-11-14,42.27,14.42,Time Exit (3 Days),2.01
USD,2024-11-12,2024-11-12,35.54,2024-11-15,33.76,-5.0,Stop Loss (-5.0%),2.13
AZN,2024-11-12,2024-11-12,122.95,2024-11-15,123.66,0.58,Time Exit (3 Days),3.99
IVV,2024-11-13,2024-11-13,590.6,2024-11-18,579.58,-1.87,Time Exit (3 Days),2.17
RARE,2024-11-13,2024-11-13,48.27,2024-11-15,45.86,-5.0,Stop Loss (-5.0%),3.57
NVAX,2024-11-14,2024-11-14,7.8,2024-11-14,7.41,-5.0,Stop Loss (-5.0%),2.1
IVV,2024-11-14,2024-11-14,590.57,2024-11-19,578.15,-2.1,Time Exit (3 Days),3.04
IVV,2024-11-15,2024-11-15,583.06,2024-11-20,583.66,0.1,Time Exit (3 Days),2.73
TE,2024-11-15,2024-11-15,2.3,2024-11-15,2.18,-5.0,Stop Loss (-5.0%),2.0
AAP,2024-11-18,2024-11-18,36.51,2024-11-21,37.55,2.85,Time Exit (3 Days),2.33
TMDX,2024-11-18,2024-11-18,78.21,2024-11-21,77.2,-1.29,Time Exit (3 Days),2.15
TMDX,2024-11-19,2024-11-19,80.81,2024-11-20,76.77,-5.0,Stop Loss (-5.0%),4.29
LULU,2024-11-19,2024-11-19,305.17,2024-11-22,315.14,3.27,Time Exit (3 Days),3.1
GIS,2024-11-20,2024-11-20,59.33,2024-11-25,61.49,3.64,Time Exit (3 Days),4.38
LULU,2024-11-20,2024-11-20,298.74,2024-11-25,319.46,6.94,Time Exit (3 Days),3.65
SYF,2024-11-21,2024-11-21,63.47,2024-11-26,64.97,2.36,Time Exit (3 Days),2.08
BABA,2024-11-21,2024-11-21,85.53,2024-11-26,84.39,-1.34,Time Exit (3 Days),3.33
EL,2024-11-22,2024-11-22,64.91,2024-11-27,72.15,11.14,Time Exit (3 Days),2.29
SMMT,2024-11-22,2024-11-22,18.5,2024-11-27,19.49,5.35,Time Exit (3 Days),3.02
DG,2024-11-25,2024-11-25,73.7,2024-11-29,75.69,2.7,Time Exit (3 Days),4.34
ELF,2024-11-25,2024-11-25,130.0,2024-11-29,130.0,0.0,Time Exit (3 Days),2.0
DG,2024-11-26,2024-11-26,73.62,2024-12-02,74.75,1.54,Time Exit (3 Days),3.74
SU,2024-11-26,2024-11-26,39.16,2024-12-02,38.38,-2.0,Time Exit (3 Days),2.43
DG,2024-11-27,2024-11-27,73.3,2024-12-03,75.5,3.01,Time Exit (3 Days),2.82
CLF,2024-11-27,2024-11-27,12.12,2024-12-03,13.18,8.75,Time Exit (3 Days),2.68
VET,2024-11-29,2024-11-29,9.9,2024-12-04,9.85,-0.59,Time Exit (3 Days),3.05
BYD,2024-12-02,2024-12-02,73.2,2024-12-05,74.04,1.15,Time Exit (3 Days),2.0
SM,2024-12-03,2024-12-03,43.05,2024-12-04,40.89,-5.0,Stop Loss (-5.0%),2.15
APP,2024-12-03,2024-12-03,338.0,2024-12-06,382.88,13.28,Time Exit (3 Days),2.48
BE,2024-12-04,2024-12-04,26.44,2024-12-09,27.68,4.69,Time Exit (3 Days),2.07
HP,2024-12-04,2024-12-04,33.59,2024-12-06,31.91,-5.0,Stop Loss (-5.0%),2.21
SM,2024-12-05,2024-12-05,40.07,2024-12-06,38.07,-5.0,Stop Loss (-5.0%),2.22
ALB,2024-12-05,2024-12-05,99.53,2024-12-10,105.88,6.37,Time Exit (3 Days),2.56
LMT,2024-12-09,2024-12-09,496.55,2024-12-12,485.68,-2.19,Time Exit (3 Days),2.62
HBM,2024-12-09,2024-12-09,9.11,2024-12-12,9.4,3.18,Time Exit (3 Days),2.41
AMD,2024-12-10,2024-12-10,131.56,2024-12-13,124.98,-5.0,Stop Loss (-5.0%),2.32
COLD,2024-12-11,2024-12-11,21.11,2024-12-16,21.14,0.13,Time Exit (3 Days),2.02
FXI,2024-12-17,2024-12-17,29.59,2024-12-20,29.44,-0.49,Time Exit (3 Days),2.28
BABA,2024-12-17,2024-12-17,84.08,2024-12-20,80.84,-3.85,Time Exit (3 Days),2.92
GNRC,2024-12-26,2024-12-26,154.47,2024-12-31,155.0,0.34,Time Exit (3 Days),2.28
CAR,2024-12-26,2024-12-26,80.65,2024-12-30,76.62,-5.0,Stop Loss (-5.0%),2.03
PUMP,2024-12-27,2024-12-27,9.0,2025-01-02,9.51,5.67,Time Exit (3 Days),2.16
CEG,2024-12-30,2024-12-30,222.27,2025-01-03,249.1,12.07,Time Exit (3 Days),2.12
BAC,2024-12-30,2024-12-30,42.9,2025-01-03,43.74,1.96,Time Exit (3 Days),2.23
WLK,2025-01-10,2025-01-10,107.9,2025-01-15,114.42,6.04,Time Exit (3 Days),3.15
TTC,2025-01-10,2025-01-10,76.5,2025-01-15,81.82,6.95,Time Exit (3 Days),2.21
RUN,2025-01-13,2025-01-13,9.8,2025-01-13,9.31,-5.0,Stop Loss (-5.0%),2.96
TNGX,2025-01-13,2025-01-13,2.97,2025-01-13,2.82,-5.0,Stop Loss (-5.0%),2.69
TMDX,2025-01-14,2025-01-14,67.42,2025-01-14,64.05,-5.0,Stop Loss (-5.0%),2.14
SLDB,2025-01-14,2025-01-14,3.35,2025-01-14,3.18,-5.0,Stop Loss (-5.0%),2.21
SHOP,2025-01-21,2025-01-21,104.14,2025-01-24,106.45,2.22,Time Exit (3 Days),3.15
VKTX,2025-01-24,2025-01-24,34.56,2025-01-28,32.83,-5.0,Stop Loss (-5.0%),2.14
COLD,2025-01-24,2025-01-24,20.53,2025-01-29,20.83,1.42,Time Exit (3 Days),2.49
VKTX,2025-01-27,2025-01-27,33.87,2025-01-30,34.07,0.59,Time Exit (3 Days),2.4
DJT,2025-01-27,2025-01-27,31.4,2025-01-27,29.83,-5.0,Stop Loss (-5.0%),2.13
KLAC,2025-01-28,2025-01-28,690.52,2025-01-31,751.52,8.83,Time Exit (3 Days),2.49
LTBR,2025-01-28,2025-01-28,6.44,2025-01-31,8.94,38.82,Time Exit (3 Days),3.05
GIS,2025-01-29,2025-01-29,57.09,2025-02-03,57.01,-0.15,Time Exit (3 Days),2.76
HAS,2025-01-29,2025-01-29,55.77,2025-02-03,53.95,-3.27,Time Exit (3 Days),2.05
CNR,2025-01-31,2025-01-31,90.07,2025-02-04,85.57,-5.0,Stop Loss (-5.0%),2.02
CNR,2025-02-03,2025-02-03,88.22,2025-02-06,88.63,0.46,Time Exit (3 Days),2.03
MRNA,2025-02-11,2025-02-11,31.52,2025-02-14,29.94,-5.0,Stop Loss (-5.0%),2.22
NVAX,2025-02-12,2025-02-12,7.94,2025-02-18,8.25,3.9,Time Exit (3 Days),2.28
MRNA,2025-02-12,2025-02-12,30.97,2025-02-14,29.42,-5.0,Stop Loss (-5.0%),2.34
AAL,2025-03-03,2025-03-03,14.36,2025-03-04,13.64,-5.0,Stop Loss (-5.0%),2.29
XLB,2025-03-13,2025-03-13,41.67,2025-03-18,42.86,2.86,Time Exit (3 Days),2.05
NVDA,2025-03-19,2025-03-19,117.25,2025-03-24,119.86,2.23,Time Exit (3 Days),2.0
GSIT,2025-03-19,2025-03-19,2.56,2025-03-24,2.43,-5.0,Stop Loss (-5.0%),2.11
AAOI,2025-03-24,2025-03-24,21.18,2025-03-26,20.13,-5.0,Stop Loss (-5.0%),2.99
ANNX,2025-03-24,2025-03-24,2.41,2025-03-26,2.29,-5.0,Stop Loss (-5.0%),2.17
PCVX,2025-03-27,2025-03-27,69.21,2025-03-31,65.75,-5.0,Stop Loss (-5.0%),2.17
SMR,2025-03-28,2025-03-28,15.82,2025-03-28,15.03,-5.0,Stop Loss (-5.0%),2.12
OKLO,2025-03-31,2025-03-31,21.3,2025-04-03,20.83,-2.21,Time Exit (3 Days),2.65
CORZ,2025-03-31,2025-03-31,7.21,2025-04-03,7.62,5.69,Time Exit (3 Days),2.83
AAOI,2025-04-01,2025-04-01,15.36,2025-04-01,14.59,-5.0,Stop Loss (-5.0%),3.55
BEKE,2025-04-01,2025-04-01,19.91,2025-04-04,18.92,-5.0,Stop Loss (-5.0%),3.49
AAOI,2025-04-02,2025-04-02,14.57,2025-04-03,13.84,-5.0,Stop Loss (-5.0%),2.59
ASPI,2025-04-02,2025-04-02,4.66,2025-04-02,4.43,-5.0,Stop Loss (-5.0%),2.29
QUBT,2025-04-03,2025-04-03,7.2,2025-04-04,6.84,-5.0,Stop Loss (-5.0%),3.06
AMTM,2025-04-09,2025-04-09,16.09,2025-04-14,18.6,15.6,Time Exit (3 Days),2.07
AEVA,2025-04-10,2025-04-10,7.07,2025-04-15,7.12,0.71,Time Exit (3 Days),2.52
PRCT,2025-04-11,2025-04-11,50.6,2025-04-16,52.21,3.18,Time Exit (3 Days),3.74
VSAT,2025-04-11,2025-04-11,8.14,2025-04-16,8.46,3.93,Time Exit (3 Days),2.03
VXX,2025-04-15,2025-04-15,68.5,2025-04-21,72.25,5.47,Time Exit (3 Days),2.29
BKSY,2025-04-15,2025-04-15,7.17,2025-04-21,6.81,-5.0,Stop Loss (-5.0%),2.04
BKSY,2025-04-16,2025-04-16,7.11,2025-04-21,6.75,-5.0,Stop Loss (-5.0%),2.74
IREN,2025-04-17,2025-04-17,5.46,2025-04-23,6.48,18.68,Time Exit (3 Days),2.07
HUN,2025-04-17,2025-04-17,12.33,2025-04-23,12.9,4.62,Time Exit (3 Days),2.18
BKSY,2025-04-21,2025-04-21,6.87,2025-04-21,6.53,-5.0,Stop Loss (-5.0%),4.06
BKKT,2025-04-21,2025-04-21,8.59,2025-04-24,9.15,6.52,Time Exit (3 Days),2.87
COMP,2025-04-22,2025-04-22,7.02,2025-04-25,7.32,4.27,Time Exit (3 Days),2.71
SERV,2025-04-22,2025-04-22,5.22,2025-04-25,6.65,27.39,Time Exit (3 Days),3.95
KSS,2025-04-23,2025-04-23,6.97,2025-04-23,6.63,-5.0,Stop Loss (-5.0%),2.3
GPRE,2025-04-23,2025-04-23,3.63,2025-04-23,3.45,-5.0,Stop Loss (-5.0%),2.58
CVI,2025-04-24,2025-04-24,18.02,2025-04-29,18.58,3.11,Time Exit (3 Days),2.1
NUVB,2025-04-24,2025-04-24,2.09,2025-04-29,2.15,2.87,Time Exit (3 Days),2.77
CADL,2025-04-25,2025-04-25,4.97,2025-04-30,4.72,-5.0,Stop Loss (-5.0%),3.56
SSL,2025-04-25,2025-04-25,3.51,2025-04-30,3.51,0.0,Time Exit (3 Days),2.93
AAOI,2025-04-28,2025-04-28,12.8,2025-04-30,12.16,-5.0,Stop Loss (-5.0%),2.4
TMC,2025-04-28,2025-04-28,3.28,2025-04-29,3.12,-5.0,Stop Loss (-5.0%),2.13
ORIC,2025-04-29,2025-04-29,5.05,2025-05-02,5.64,11.68,Time Exit (3 Days),2.23
GSOL,2025-04-29,2025-04-29,11.7,2025-04-30,11.11,-5.0,Stop Loss (-5.0%),2.37
IBRX,2025-04-30,2025-04-30,2.45,2025-05-05,2.33,-5.0,Stop Loss (-5.0%),2.34
CORZ,2025-04-30,2025-04-30,7.9,2025-05-05,8.62,9.11,Time Exit (3 Days),2.7
BLMN,2025-05-01,2025-05-01,7.72,2025-05-06,7.52,-2.62,Time Exit (3 Days),3.65
NN,2025-05-01,2025-05-01,12.63,2025-05-06,12.75,0.95,Time Exit (3 Days),2.8
RDW,2025-05-02,2025-05-02,11.1,2025-05-07,11.37,2.43,Time Exit (3 Days),3.64
SOXL,2025-05-02,2025-05-02,12.85,2025-05-06,12.2,-5.0,Stop Loss (-5.0%),2.09
GLUE,2025-05-05,2025-05-05,4.95,2025-05-05,4.7,-5.0,Stop Loss (-5.0%),2.8
ARVN,2025-05-05,2025-05-05,7.5,2025-05-06,7.12,-5.0,Stop Loss (-5.0%),3.18
LUNR,2025-05-06,2025-05-06,8.69,2025-05-09,9.42,8.4,Time Exit (3 Days),2.03
EBS,2025-05-06,2025-05-06,4.92,2025-05-09,6.31,28.25,Time Exit (3 Days),2.25
TSLL,2025-05-07,2025-05-07,9.38,2025-05-12,12.56,33.81,Time Exit (3 Days),4.75
RDW,2025-05-07,2025-05-07,11.37,2025-05-09,10.8,-5.0,Stop Loss (-5.0%),3.05
TSLL,2025-05-08,2025-05-08,9.57,2025-05-13,12.41,29.77,Time Exit (3 Days),3.36
TQQQ,2025-05-08,2025-05-08,29.44,2025-05-13,33.16,12.62,Time Exit (3 Days),2.09
GES,2025-05-09,2025-05-09,11.19,2025-05-14,11.74,4.88,Time Exit (3 Days),2.95
TERN,2025-05-09,2025-05-09,3.04,2025-05-14,2.89,-5.0,Stop Loss (-5.0%),3.32
CORZ,2025-05-12,2025-05-12,9.81,2025-05-15,10.15,3.52,Time Exit (3 Days),2.9
GAP,2025-05-12,2025-05-12,23.97,2025-05-15,25.48,6.29,Time Exit (3 Days),3.15
CMPS,2025-05-13,2025-05-13,3.94,2025-05-16,3.95,0.25,Time Exit (3 Days),3.28
IAG,2025-05-13,2025-05-13,6.34,2025-05-16,6.09,-3.94,Time Exit (3 Days),2.91
CDZI,2025-05-14,2025-05-14,3.2,2025-05-14,3.04,-5.0,Stop Loss (-5.0%),2.04
TZA,2025-05-14,2025-05-14,13.24,2025-05-19,13.47,1.78,Time Exit (3 Days),3.07
PPTA,2025-05-15,2025-05-15,11.55,2025-05-20,12.78,10.65,Time Exit (3 Days),2.95
CDZI,2025-05-15,2025-05-15,2.93,2025-05-19,2.78,-5.0,Stop Loss (-5.0%),5.01
IONQ,2025-05-16,2025-05-16,33.52,2025-05-21,35.08,4.65,Time Exit (3 Days),2.12
CTMX,2025-05-16,2025-05-16,2.06,2025-05-16,1.96,-5.0,Stop Loss (-5.0%),5.69
CONL,2025-05-19,2025-05-19,27.45,2025-05-22,28.6,4.19,Time Exit (3 Days),2.36
DXYZ,2025-05-19,2025-05-19,38.77,2025-05-22,39.19,1.08,Time Exit (3 Days),2.02
GLOB,2025-05-20,2025-05-20,106.6,2025-05-23,101.27,-5.0,Stop Loss (-5.0%),2.44
PONY,2025-05-20,2025-05-20,18.27,2025-05-20,17.36,-5.0,Stop Loss (-5.0%),4.38
OKLO,2025-05-21,2025-05-21,37.0,2025-05-27,49.52,33.84,Time Exit (3 Days),3.02
CAVA,2025-05-21,2025-05-21,87.79,2025-05-21,83.4,-5.0,Stop Loss (-5.0%),7.2
RGTI,2025-05-22,2025-05-22,11.03,2025-05-28,13.85,25.59,Time Exit (3 Days),2.48
FLNC,2025-05-22,2025-05-22,4.71,2025-05-28,4.84,2.87,Time Exit (3 Days),4.35
ENVX,2025-05-23,2025-05-23,7.45,2025-05-29,8.49,13.96,Time Exit (3 Days),4.31
HIMS,2025-05-23,2025-05-23,53.51,2025-05-29,54.0,0.93,Time Exit (3 Days),5.21
AEVA,2025-05-27,2025-05-27,16.49,2025-05-30,17.32,5.03,Time Exit (3 Days),6.47
ZBIO,2025-05-27,2025-05-27,11.66,2025-05-27,11.08,-5.0,Stop Loss (-5.0%),3.2
ATAT,2025-05-28,2025-05-28,30.51,2025-06-02,30.64,0.42,Time Exit (3 Days),2.37
RGNX,2025-05-28,2025-05-28,9.05,2025-05-28,8.6,-5.0,Stop Loss (-5.0%),2.15
GPRE,2025-05-29,2025-05-29,4.29,2025-05-30,4.08,-5.0,Stop Loss (-5.0%),5.61
QUBT,2025-05-29,2025-05-29,13.64,2025-05-29,12.96,-5.0,Stop Loss (-5.0%),2.69
ARRY,2025-05-30,2025-05-30,6.62,2025-06-04,7.06,6.65,Time Exit (3 Days),2.18
CONL,2025-05-30,2025-05-30,24.51,2025-06-04,26.56,8.36,Time Exit (3 Days),2.53
FTRE,2025-06-02,2025-06-02,4.28,2025-06-03,4.07,-5.0,Stop Loss (-5.0%),3.43
GPCR,2025-06-02,2025-06-02,21.97,2025-06-05,22.0,0.14,Time Exit (3 Days),2.14
ASPI,2025-06-03,2025-06-03,7.62,2025-06-06,8.93,17.19,Time Exit (3 Days),3.1
NBIS,2025-06-03,2025-06-03,36.66,2025-06-06,46.29,26.28,Time Exit (3 Days),2.93
FLYW,2025-06-04,2025-06-04,10.36,2025-06-09,10.57,2.03,Time Exit (3 Days),2.05
ACHC,2025-06-04,2025-06-04,22.5,2025-06-09,22.78,1.24,Time Exit (3 Days),3.73
AVR,2025-06-05,2025-06-05,4.73,2025-06-05,4.49,-5.0,Stop Loss (-5.0%),3.59
SATS,2025-06-05,2025-06-05,16.24,2025-06-09,15.43,-5.0,Stop Loss (-5.0%),4.03
IONQ,2025-06-06,2025-06-06,37.67,2025-06-11,41.59,10.41,Time Exit (3 Days),2.03
HCTI,2025-06-06,2025-06-06,104.58,2025-06-06,99.35,-5.0,Stop Loss (-5.0%),2.81
TMC,2025-06-09,2025-06-09,4.14,2025-06-12,4.3,3.86,Time Exit (3 Days),5.66
FNMA,2025-06-09,2025-06-09,8.96,2025-06-12,9.95,11.05,Time Exit (3 Days),2.62
AVR,2025-06-10,2025-06-10,5.37,2025-06-11,5.1,-5.0,Stop Loss (-5.0%),2.08
ODD,2025-06-10,2025-06-10,69.83,2025-06-13,72.5,3.82,Time Exit (3 Days),3.39
ORIC,2025-06-11,2025-06-11,9.88,2025-06-11,9.39,-5.0,Stop Loss (-5.0%),3.77
HYMC,2025-06-11,2025-06-11,4.24,2025-06-12,4.03,-5.0,Stop Loss (-5.0%),2.6
RBRK,2025-06-12,2025-06-12,88.8,2025-06-17,90.27,1.66,Time Exit (3 Days),4.05
ORIC,2025-06-12,2025-06-12,9.11,2025-06-17,9.26,1.65,Time Exit (3 Days),2.06
XPEV,2025-06-13,2025-06-13,18.5,2025-06-18,18.55,0.27,Time Exit (3 Days),2.25
PPG,2025-06-13,2025-06-13,108.0,2025-06-18,105.17,-2.62,Time Exit (3 Days),2.08
LIF,2025-06-16,2025-06-16,62.5,2025-06-20,62.83,0.53,Time Exit (3 Days),2.23
CDTX,2025-06-16,2025-06-16,23.04,2025-06-17,21.89,-5.0,Stop Loss (-5.0%),2.35
PHAT,2025-06-17,2025-06-17,10.5,2025-06-23,9.98,-5.0,Stop Loss (-5.0%),3.03
RXST,2025-06-17,2025-06-17,13.96,2025-06-23,13.26,-5.0,Stop Loss (-5.0%),2.46
MAT,2025-06-18,2025-06-18,18.85,2025-06-24,19.21,1.91,Time Exit (3 Days),2.26
MNMD,2025-06-18,2025-06-18,6.68,2025-06-23,6.35,-5.0,Stop Loss (-5.0%),3.47
HLT,2025-06-20,2025-06-20,248.9,2025-06-25,256.35,3.0,Time Exit (3 Days),2.27
AEVA,2025-06-23,2025-06-23,24.03,2025-06-26,29.56,23.01,Time Exit (3 Days),2.14
TCEHY,2025-06-23,2025-06-23,64.14,2025-06-26,65.0,1.34,Time Exit (3 Days),2.76
QUBT,2025-06-24,2025-06-24,18.17,2025-06-25,17.26,-5.0,Stop Loss (-5.0%),2.81
ALMS,2025-06-24,2025-06-24,2.8,2025-06-27,3.3,17.86,Time Exit (3 Days),4.08
CADL,2025-06-25,2025-06-25,4.93,2025-06-30,5.04,2.23,Time Exit (3 Days),3.81
AFRM,2025-06-25,2025-06-25,66.17,2025-06-30,69.36,4.83,Time Exit (3 Days),2.91
OKLO,2025-06-26,2025-06-26,57.25,2025-06-27,54.39,-5.0,Stop Loss (-5.0%),4.82
IONQ,2025-06-26,2025-06-26,39.57,2025-07-01,42.37,7.08,Time Exit (3 Days),3.21
NNE,2025-06-27,2025-06-27,36.39,2025-06-27,34.57,-5.0,Stop Loss (-5.0%),2.19
TEM,2025-06-27,2025-06-27,69.0,2025-06-27,65.55,-5.0,Stop Loss (-5.0%),4.17
DLB,2025-06-30,2025-06-30,73.08,2025-07-03,74.94,2.55,Time Exit (3 Days),3.95
PLAB,2025-06-30,2025-06-30,18.85,2025-07-03,20.33,7.85,Time Exit (3 Days),2.92
EWTX,2025-07-01,2025-07-01,13.06,2025-07-07,12.91,-1.19,Time Exit (3 Days),2.03
ACLX,2025-07-01,2025-07-01,65.46,2025-07-07,66.69,1.88,Time Exit (3 Days),2.16
CRK,2025-07-02,2025-07-02,25.38,2025-07-03,24.11,-5.0,Stop Loss (-5.0%),2.18
CHRD,2025-07-02,2025-07-02,99.83,2025-07-08,100.43,0.6,Time Exit (3 Days),2.39
HCTI,2025-07-03,2025-07-03,373.5,2025-07-07,354.82,-5.0,Stop Loss (-5.0%),2.16
REPL,2025-07-03,2025-07-03,9.7,2025-07-09,9.47,-2.37,Time Exit (3 Days),2.77
RXST,2025-07-07,2025-07-07,13.27,2025-07-07,12.61,-5.0,Stop Loss (-5.0%),2.82
AMBA,2025-07-07,2025-07-07,66.4,2025-07-10,68.09,2.55,Time Exit (3 Days),2.3
IBRX,2025-07-08,2025-07-08,2.76,2025-07-11,2.88,4.35,Time Exit (3 Days),2.21
TEM,2025-07-08,2025-07-08,59.08,2025-07-11,59.0,-0.14,Time Exit (3 Days),2.55
WGS,2025-07-09,2025-07-09,88.77,2025-07-11,84.33,-5.0,Stop Loss (-5.0%),3.4
ASTS,2025-07-09,2025-07-09,45.53,2025-07-09,43.26,-5.0,Stop Loss (-5.0%),2.09
TEM,2025-07-10,2025-07-10,59.08,2025-07-15,56.13,-5.0,Stop Loss (-5.0%),2.45
QBTS,2025-07-10,2025-07-10,16.38,2025-07-11,15.56,-5.0,Stop Loss (-5.0%),2.55
QBTS,2025-07-11,2025-07-11,15.86,2025-07-11,15.07,-5.0,Stop Loss (-5.0%),2.14
GPRE,2025-07-11,2025-07-11,7.66,2025-07-16,7.97,4.05,Time Exit (3 Days),4.08
SYRE,2025-07-14,2025-07-14,15.61,2025-07-17,16.32,4.55,Time Exit (3 Days),2.44
RXST,2025-07-15,2025-07-15,7.62,2025-07-15,7.24,-5.0,Stop Loss (-5.0%),2.82
SATS,2025-07-15,2025-07-15,29.87,2025-07-18,29.24,-2.11,Time Exit (3 Days),2.11
TNGX,2025-07-16,2025-07-16,6.0,2025-07-21,6.84,14.0,Time Exit (3 Days),3.09
EXTR,2025-07-16,2025-07-16,16.81,2025-07-21,17.53,4.28,Time Exit (3 Days),2.1
DLO,2025-07-17,2025-07-17,11.19,2025-07-22,10.63,-5.0,Stop Loss (-5.0%),2.57
ACVA,2025-07-17,2025-07-17,15.26,2025-07-22,14.93,-2.16,Time Exit (3 Days),2.97
VIR,2025-07-18,2025-07-18,5.56,2025-07-23,5.84,5.04,Time Exit (3 Days),2.16
TNGX,2025-07-18,2025-07-18,6.98,2025-07-18,6.63,-5.0,Stop Loss (-5.0%),2.39
KURA,2025-07-21,2025-07-21,6.42,2025-07-24,6.42,0.0,Time Exit (3 Days),3.25
IBRX,2025-07-21,2025-07-21,2.75,2025-07-24,2.99,8.73,Time Exit (3 Days),3.02
SVRA,2025-07-22,2025-07-22,2.29,2025-07-25,2.55,11.35,Time Exit (3 Days),2.08
MRUS,2025-07-22,2025-07-22,62.22,2025-07-25,65.77,5.71,Time Exit (3 Days),4.49
ASTS,2025-07-23,2025-07-23,58.14,2025-07-25,55.23,-5.0,Stop Loss (-5.0%),2.3
AMLX,2025-07-23,2025-07-23,7.89,2025-07-28,8.13,3.04,Time Exit (3 Days),2.75
SGML,2025-07-24,2025-07-24,7.03,2025-07-28,6.68,-5.0,Stop Loss (-5.0%),2.18
INVA,2025-07-24,2025-07-24,19.29,2025-07-29,18.55,-3.84,Time Exit (3 Days),2.56
ASAN,2025-07-25,2025-07-25,14.92,2025-07-30,15.3,2.55,Time Exit (3 Days),2.16
BTSG,2025-07-25,2025-07-25,20.75,2025-07-30,20.7,-0.24,Time Exit (3 Days),2.8
IONQ,2025-07-28,2025-07-28,43.92,2025-07-28,41.72,-5.0,Stop Loss (-5.0%),2.18
QUBT,2025-07-28,2025-07-28,16.98,2025-07-28,16.13,-5.0,Stop Loss (-5.0%),2.14
NVCR,2025-07-29,2025-07-29,11.61,2025-07-30,11.03,-5.0,Stop Loss (-5.0%),2.34
HUN,2025-07-29,2025-07-29,10.48,2025-07-30,9.96,-5.0,Stop Loss (-5.0%),2.0
OSS,2025-07-30,2025-07-30,5.01,2025-08-04,4.99,-0.4,Time Exit (3 Days),2.9
DOCS,2025-07-30,2025-07-30,60.3,2025-08-01,57.28,-5.0,Stop Loss (-5.0%),2.7
RVLV,2025-07-31,2025-07-31,21.32,2025-08-01,20.25,-5.0,Stop Loss (-5.0%),2.0
CMPS,2025-07-31,2025-07-31,4.02,2025-08-05,4.65,15.67,Time Exit (3 Days),2.22
URGN,2025-08-01,2025-08-01,18.64,2025-08-06,20.45,9.71,Time Exit (3 Days),2.4
GH,2025-08-01,2025-08-01,40.75,2025-08-06,46.11,13.15,Time Exit (3 Days),4.07
MRUS,2025-08-04,2025-08-04,65.6,2025-08-06,62.32,-5.0,Stop Loss (-5.0%),2.76
USAS,2025-08-05,2025-08-05,2.5,2025-08-05,2.38,-5.0,Stop Loss (-5.0%),2.46
ACHC,2025-08-05,2025-08-05,21.48,2025-08-06,20.41,-5.0,Stop Loss (-5.0%),2.41
CAPR,2025-08-06,2025-08-06,7.67,2025-08-11,8.18,6.65,Time Exit (3 Days),2.39
USAR,2025-08-06,2025-08-06,14.45,2025-08-06,13.73,-5.0,Stop Loss (-5.0%),3.24
NEOG,2025-08-07,2025-08-07,4.88,2025-08-12,5.16,5.74,Time Exit (3 Days),2.88
AVPT,2025-08-07,2025-08-07,17.95,2025-08-07,17.05,-5.0,Stop Loss (-5.0%),2.13
SRRK,2025-08-08,2025-08-08,31.75,2025-08-13,32.57,2.58,Time Exit (3 Days),2.27
ACDC,2025-08-08,2025-08-08,6.26,2025-08-13,5.95,-5.0,Stop Loss (-5.0%),2.83
PL,2025-08-11,2025-08-11,6.36,2025-08-14,6.6,3.86,Time Exit (3 Days),2.31
PBF,2025-08-11,2025-08-11,21.67,2025-08-14,22.36,3.16,Time Exit (3 Days),2.35
EOSE,2025-08-12,2025-08-12,6.21,2025-08-13,5.9,-5.0,Stop Loss (-5.0%),2.07
CRWV,2025-08-12,2025-08-12,135.82,2025-08-13,129.03,-5.0,Stop Loss (-5.0%),2.69
HIMS,2025-08-13,2025-08-13,48.59,2025-08-14,46.16,-5.0,Stop Loss (-5.0%),2.45
REPL,2025-08-13,2025-08-13,5.34,2025-08-18,5.42,1.5,Time Exit (3 Days),2.09
UMAC,2025-08-14,2025-08-14,10.0,2025-08-14,9.5,-5.0,Stop Loss (-5.0%),2.27
NBIS,2025-08-14,2025-08-14,69.75,2025-08-19,66.26,-5.0,Stop Loss (-5.0%),2.88
HIMS,2025-08-15,2025-08-15,46.02,2025-08-19,43.72,-5.0,Stop Loss (-5.0%),4.01
CAPR,2025-08-15,2025-08-15,7.67,2025-08-20,7.29,-5.0,Stop Loss (-5.0%),2.08
QUBT,2025-08-18,2025-08-18,15.27,2025-08-20,14.51,-5.0,Stop Loss (-5.0%),2.39
BKSY,2025-08-18,2025-08-18,18.0,2025-08-19,17.1,-5.0,Stop Loss (-5.0%),2.52
LUNR,2025-08-20,2025-08-20,8.58,2025-08-25,8.9,3.73,Time Exit (3 Days),2.0
AMPX,2025-08-20,2025-08-20,6.62,2025-08-25,7.16,8.16,Time Exit (3 Days),2.71
BKSY,2025-08-21,2025-08-21,16.08,2025-08-26,17.6,9.45,Time Exit (3 Days),2.03
WRD,2025-08-22,2025-08-22,9.18,2025-08-27,9.52,3.7,Time Exit (3 Days),2.38
ONDS,2025-08-22,2025-08-22,3.8,2025-08-27,5.02,32.11,Time Exit (3 Days),2.06
ONDS,2025-08-25,2025-08-25,4.68,2025-08-28,5.25,12.18,Time Exit (3 Days),2.12
CAPR,2025-08-25,2025-08-25,7.1,2025-08-25,6.74,-5.0,Stop Loss (-5.0%),2.97
VSTS,2025-08-26,2025-08-26,4.55,2025-08-29,4.6,1.1,Time Exit (3 Days),3.14
CSTM,2025-08-26,2025-08-26,14.25,2025-08-29,14.52,1.89,Time Exit (3 Days),2.1
TLRY,2025-08-27,2025-08-27,14.4,2025-08-27,13.68,-5.0,Stop Loss (-5.0%),3.74
DPRO,2025-08-27,2025-08-27,4.94,2025-08-27,4.69,-5.0,Stop Loss (-5.0%),3.68
ENVX,2025-08-28,2025-08-28,10.48,2025-08-28,9.96,-5.0,Stop Loss (-5.0%),2.75
ENVX,2025-08-29,2025-08-29,9.85,2025-08-29,9.35,-5.0,Stop Loss (-5.0%),2.61
IMMX,2025-08-29,2025-08-29,2.3,2025-09-02,2.18,-5.0,Stop Loss (-5.0%),2.54
ZIM,2025-09-02,2025-09-02,13.44,2025-09-05,13.31,-0.97,Time Exit (3 Days),3.17
RUM,2025-09-02,2025-09-02,7.04,2025-09-05,7.14,1.42,Time Exit (3 Days),3.65
ADTN,2025-09-03,2025-09-03,9.45,2025-09-08,9.81,3.81,Time Exit (3 Days),2.08
MNTS,2025-09-04,2025-09-04,22.14,2025-09-04,21.04,-5.0,Stop Loss (-5.0%),2.52
SEI,2025-09-04,2025-09-04,26.83,2025-09-05,25.49,-5.0,Stop Loss (-5.0%),2.26
EEFT,2025-09-05,2025-09-05,91.14,2025-09-10,90.78,-0.39,Time Exit (3 Days),2.37
CNC,2025-09-05,2025-09-05,28.59,2025-09-10,31.01,8.46,Time Exit (3 Days),2.4
RKLB,2025-09-08,2025-09-08,45.5,2025-09-11,46.32,1.8,Time Exit (3 Days),2.04
JOBY,2025-09-08,2025-09-08,13.69,2025-09-11,13.3,-2.81,Time Exit (3 Days),3.28
FIP,2025-09-09,2025-09-09,4.01,2025-09-12,4.5,12.13,Time Exit (3 Days),3.13
XPEV,2025-09-09,2025-09-09,20.65,2025-09-12,20.55,-0.48,Time Exit (3 Days),2.01
YPF,2025-09-10,2025-09-10,27.23,2025-09-15,27.27,0.15,Time Exit (3 Days),2.78
RBLX,2025-09-10,2025-09-10,132.51,2025-09-15,134.32,1.36,Time Exit (3 Days),2.11
TIGR,2025-09-11,2025-09-11,11.49,2025-09-16,10.92,-5.0,Stop Loss (-5.0%),2.4
NVA,2025-09-11,2025-09-11,2.43,2025-09-11,2.31,-5.0,Stop Loss (-5.0%),2.15
RXST,2025-09-12,2025-09-12,9.43,2025-09-17,8.96,-5.0,Stop Loss (-5.0%),3.44
MNKD,2025-09-15,2025-09-15,5.55,2025-09-16,5.27,-5.0,Stop Loss (-5.0%),3.98
SLNO,2025-09-15,2025-09-15,53.33,2025-09-16,50.66,-5.0,Stop Loss (-5.0%),3.5
SLNO,2025-09-16,2025-09-16,51.15,2025-09-19,56.64,10.74,Time Exit (3 Days),4.04
BBNX,2025-09-16,2025-09-16,25.17,2025-09-16,23.91,-5.0,Stop Loss (-5.0%),3.1
BBNX,2025-09-17,2025-09-17,23.12,2025-09-22,22.68,-1.9,Time Exit (3 Days),2.35
MDB,2025-09-18,2025-09-18,319.0,2025-09-23,324.0,1.57,Time Exit (3 Days),2.26
USAS,2025-09-18,2025-09-18,2.81,2025-09-23,3.16,12.46,Time Exit (3 Days),2.37
MLYS,2025-09-22,2025-09-22,39.14,2025-09-25,38.76,-0.97,Time Exit (3 Days),2.08
IRDM,2025-09-22,2025-09-22,17.92,2025-09-25,17.02,-5.0,Stop Loss (-5.0%),2.77
CAPR,2025-09-23,2025-09-23,6.06,2025-09-26,6.41,5.78,Time Exit (3 Days),2.29
IRDM,2025-09-23,2025-09-23,18.05,2025-09-25,17.15,-5.0,Stop Loss (-5.0%),3.47
IRDM,2025-09-24,2025-09-24,17.62,2025-09-29,17.62,0.0,Time Exit (3 Days),2.57
SRAD,2025-09-25,2025-09-25,29.21,2025-09-30,27.75,-5.0,Stop Loss (-5.0%),4.61
HRZN,2025-09-25,2025-09-25,5.7,2025-09-30,5.53,-3.06,Time Exit (3 Days),2.19
SOC,2025-09-26,2025-09-26,20.2,2025-09-29,19.19,-5.0,Stop Loss (-5.0%),2.24
SRAD,2025-09-29,2025-09-29,29.11,2025-09-30,27.65,-5.0,Stop Loss (-5.0%),2.57
CRML,2025-09-29,2025-09-29,6.49,2025-09-29,6.17,-5.0,Stop Loss (-5.0%),2.05
MNMD,2025-09-30,2025-09-30,11.97,2025-09-30,11.37,-5.0,Stop Loss (-5.0%),3.17
SRPT,2025-09-30,2025-09-30,18.67,2025-10-03,22.37,19.82,Time Exit (3 Days),2.36
ANNX,2025-10-02,2025-10-02,3.04,2025-10-07,3.19,4.93,Time Exit (3 Days),2.97
CYTK,2025-10-02,2025-10-02,56.16,2025-10-07,60.56,7.83,Time Exit (3 Days),3.08
IONQ,2025-10-03,2025-10-03,70.59,2025-10-08,78.95,11.84,Time Exit (3 Days),2.09
VVV,2025-10-06,2025-10-06,35.75,2025-10-09,33.96,-5.0,Stop Loss (-5.0%),2.32
RPM,2025-10-06,2025-10-06,115.62,2025-10-09,109.84,-5.0,Stop Loss (-5.0%),3.77
VECO,2025-10-07,2025-10-07,30.81,2025-10-10,29.27,-5.0,Stop Loss (-5.0%),2.1
SRAD,2025-10-07,2025-10-07,25.54,2025-10-10,24.26,-5.0,Stop Loss (-5.0%),2.05
TNGX,2025-10-08,2025-10-08,7.28,2025-10-08,6.92,-5.0,Stop Loss (-5.0%),2.44
LSPD,2025-10-08,2025-10-08,11.75,2025-10-10,11.16,-5.0,Stop Loss (-5.0%),2.75
BBBY,2025-10-09,2025-10-09,11.0,2025-10-09,10.45,-5.0,Stop Loss (-5.0%),3.16
EOSE,2025-10-09,2025-10-09,15.05,2025-10-10,14.3,-5.0,Stop Loss (-5.0%),2.35
LENZ,2025-10-10,2025-10-10,46.75,2025-10-10,44.41,-5.0,Stop Loss (-5.0%),3.22
LFST,2025-10-10,2025-10-10,5.36,2025-10-10,5.09,-5.0,Stop Loss (-5.0%),2.67
LIND,2025-10-13,2025-10-13,11.9,2025-10-16,12.35,3.78,Time Exit (3 Days),2.53
ATAT,2025-10-13,2025-10-13,35.13,2025-10-16,36.26,3.22,Time Exit (3 Days),3.04
ERO,2025-10-14,2025-10-14,21.81,2025-10-17,22.4,2.71,Time Exit (3 Days),2.35
SRPT,2025-10-14,2025-10-14,21.58,2025-10-17,22.83,5.79,Time Exit (3 Days),2.54
ABEO,2025-10-15,2025-10-15,5.38,2025-10-20,5.48,1.86,Time Exit (3 Days),2.53
NB,2025-10-15,2025-10-15,11.25,2025-10-15,10.69,-5.0,Stop Loss (-5.0%),2.24
ONDS,2025-10-17,2025-10-17,7.95,2025-10-20,7.55,-5.0,Stop Loss (-5.0%),2.51
HBAN,2025-10-17,2025-10-17,15.49,2025-10-22,15.76,1.73,Time Exit (3 Days),2.4
DPRO,2025-10-20,2025-10-20,10.0,2025-10-20,9.5,-5.0,Stop Loss (-5.0%),2.99
RDW,2025-10-20,2025-10-20,8.18,2025-10-22,7.77,-5.0,Stop Loss (-5.0%),2.36
CGAU,2025-10-21,2025-10-21,11.25,2025-10-22,10.69,-5.0,Stop Loss (-5.0%),2.18
TMC,2025-10-21,2025-10-21,8.0,2025-10-22,7.6,-5.0,Stop Loss (-5.0%),3.14
SGML,2025-10-22,2025-10-22,6.12,2025-10-22,5.81,-5.0,Stop Loss (-5.0%),3.64
CGAU,2025-10-22,2025-10-22,10.57,2025-10-27,10.78,1.99,Time Exit (3 Days),2.21
BULL,2025-10-23,2025-10-23,10.89,2025-10-28,11.57,6.29,Time Exit (3 Days),4.42
PDYN,2025-10-23,2025-10-23,8.0,2025-10-28,8.29,3.62,Time Exit (3 Days),2.9
NVTS,2025-10-24,2025-10-24,14.15,2025-10-27,13.44,-5.0,Stop Loss (-5.0%),2.34
BULL,2025-10-24,2025-10-24,11.27,2025-10-29,11.23,-0.35,Time Exit (3 Days),2.61
ASPI,2025-10-27,2025-10-27,10.27,2025-10-27,9.76,-5.0,Stop Loss (-5.0%),2.33
RLAY,2025-10-27,2025-10-27,7.01,2025-10-30,7.25,3.42,Time Exit (3 Days),2.81
MLTX,2025-10-28,2025-10-28,10.02,2025-10-29,9.52,-5.0,Stop Loss (-5.0%),2.24
IFF,2025-10-28,2025-10-28,64.64,2025-10-31,62.19,-3.8,Time Exit (3 Days),3.07
QBTS,2025-10-29,2025-10-29,32.47,2025-11-03,37.42,15.23,Time Exit (3 Days),2.23
CRK,2025-10-29,2025-10-29,17.35,2025-11-03,18.8,8.36,Time Exit (3 Days),2.36
JHX,2025-10-30,2025-10-30,21.22,2025-11-04,20.16,-5.0,Stop Loss (-5.0%),3.08
IFF,2025-10-30,2025-10-30,62.63,2025-11-04,61.5,-1.81,Time Exit (3 Days),2.64
INSP,2025-10-31,2025-10-31,73.1,2025-11-05,84.52,15.62,Time Exit (3 Days),2.08
LIVN,2025-10-31,2025-10-31,52.45,2025-11-05,52.04,-0.78,Time Exit (3 Days),2.05
CGON,2025-11-03,2025-11-03,42.61,2025-11-03,40.48,-5.0,Stop Loss (-5.0%),2.45
FSK,2025-11-04,2025-11-04,14.29,2025-11-07,14.36,0.47,Time Exit (3 Days),3.47
GH,2025-11-04,2025-11-04,93.4,2025-11-07,95.08,1.8,Time Exit (3 Days),2.39
FLNC,2025-11-05,2025-11-05,19.81,2025-11-07,18.82,-5.0,Stop Loss (-5.0%),3.87
VSTS,2025-11-05,2025-11-05,4.99,2025-11-10,5.32,6.61,Time Exit (3 Days),2.02
SOC,2025-11-06,2025-11-06,5.65,2025-11-06,5.37,-5.0,Stop Loss (-5.0%),2.13
TSSI,2025-11-06,2025-11-06,17.72,2025-11-06,16.83,-5.0,Stop Loss (-5.0%),2.01
FPI,2025-11-07,2025-11-07,9.48,2025-11-12,9.5,0.21,Time Exit (3 Days),2.49
SOC,2025-11-07,2025-11-07,4.8,2025-11-12,7.0,45.83,Time Exit (3 Days),2.46
SOC,2025-11-11,2025-11-11,6.02,2025-11-14,5.72,-5.0,Stop Loss (-5.0%),2.87
AMSC,2025-11-11,2025-11-11,36.34,2025-11-11,34.52,-5.0,Stop Loss (-5.0%),3.18
SOC,2025-11-12,2025-11-12,7.0,2025-11-12,6.65,-5.0,Stop Loss (-5.0%),4.17
WULF,2025-11-12,2025-11-12,12.55,2025-11-13,11.92,-5.0,Stop Loss (-5.0%),2.04
BWA,2025-11-13,2025-11-13,45.7,2025-11-17,43.41,-5.0,Stop Loss (-5.0%),2.81
ACIW,2025-11-13,2025-11-13,47.11,2025-11-18,46.03,-2.29,Time Exit (3 Days),3.17
UAMY,2025-11-14,2025-11-14,6.64,2025-11-19,7.32,10.24,Time Exit (3 Days),2.73
WULF,2025-11-14,2025-11-14,11.23,2025-11-17,10.67,-5.0,Stop Loss (-5.0%),2.78
YMM,2025-11-18,2025-11-18,10.81,2025-11-20,10.27,-5.0,Stop Loss (-5.0%),3.16
PGY,2025-11-18,2025-11-18,21.96,2025-11-20,20.86,-5.0,Stop Loss (-5.0%),4.18
QUBT,2025-11-19,2025-11-19,12.5,2025-11-19,11.88,-5.0,Stop Loss (-5.0%),3.25
PCT,2025-11-19,2025-11-19,8.6,2025-11-20,8.17,-5.0,Stop Loss (-5.0%),2.38
QUBT,2025-11-20,2025-11-20,12.09,2025-11-20,11.49,-5.0,Stop Loss (-5.0%),3.2
ONDS,2025-11-20,2025-11-20,7.92,2025-11-20,7.52,-5.0,Stop Loss (-5.0%),2.27
ACHR,2025-11-21,2025-11-21,6.88,2025-11-26,7.4,7.56,Time Exit (3 Days),2.68
LCID,2025-11-21,2025-11-21,11.73,2025-11-26,13.13,11.94,Time Exit (3 Days),2.03
UUUU,2025-11-24,2025-11-24,13.0,2025-11-28,14.57,12.08,Time Exit (3 Days),2.78
CDE,2025-11-24,2025-11-24,14.14,2025-11-28,16.7,18.1,Time Exit (3 Days),2.53
SEZL,2025-11-26,2025-11-26,56.66,2025-12-02,61.59,8.7,Time Exit (3 Days),2.05
INSP,2025-11-28,2025-11-28,127.48,2025-12-03,133.81,4.97,Time Exit (3 Days),2.32
TLRY,2025-12-01,2025-12-01,7.9,2025-12-02,7.51,-5.0,Stop Loss (-5.0%),4.16
PTLO,2025-12-01,2025-12-01,5.18,2025-12-02,4.92,-5.0,Stop Loss (-5.0%),2.11
ACHR,2025-12-02,2025-12-02,7.51,2025-12-05,8.8,17.18,Time Exit (3 Days),3.98
ACVA,2025-12-02,2025-12-02,7.73,2025-12-05,7.9,2.2,Time Exit (3 Days),2.29
UPST,2025-12-03,2025-12-03,42.65,2025-12-08,46.95,10.09,Time Exit (3 Days),2.6
TLRY,2025-12-03,2025-12-03,7.65,2025-12-03,7.27,-5.0,Stop Loss (-5.0%),2.87
LYB,2025-12-04,2025-12-04,46.13,2025-12-04,43.82,-5.0,Stop Loss (-5.0%),2.0
BBBY,2025-12-04,2025-12-04,6.6,2025-12-05,6.27,-5.0,Stop Loss (-5.0%),2.79
PTLO,2025-12-10,2025-12-10,4.77,2025-12-15,4.75,-0.42,Time Exit (3 Days),2.37
VVV,2025-12-10,2025-12-10,30.13,2025-12-15,31.43,4.31,Time Exit (3 Days),2.7
GSIT,2025-12-11,2025-12-11,6.5,2025-12-12,6.18,-5.0,Stop Loss (-5.0%),2.99
QURE,2025-12-11,2025-12-11,20.0,2025-12-16,21.8,9.0,Time Exit (3 Days),2.22
ANGI,2025-12-17,2025-12-17,12.25,2025-12-22,12.81,4.57,Time Exit (3 Days),2.47
RKLB,2025-12-29,2025-12-29,69.5,2026-01-02,70.63,1.63,Time Exit (3 Days),2.73
PL,2025-12-29,2025-12-29,18.86,2026-01-02,19.85,5.25,Time Exit (3 Days),2.18
FINV,2025-12-30,2025-12-30,5.23,2026-01-05,5.22,-0.19,Time Exit (3 Days),2.04
VG,2026-01-02,2026-01-02,6.86,2026-01-07,6.9,0.58,Time Exit (3 Days),3.2
SOC,2026-01-02,2026-01-02,10.69,2026-01-06,10.16,-5.0,Stop Loss (-5.0%),2.18
VITL,2026-01-05,2026-01-05,29.82,2026-01-08,30.07,0.84,Time Exit (3 Days),2.2
FVRR,2026-01-09,2026-01-09,18.37,2026-01-13,17.45,-5.0,Stop Loss (-5.0%),2.43
ODD,2026-01-09,2026-01-09,38.96,2026-01-09,37.01,-5.0,Stop Loss (-5.0%),2.88
OSCR,2026-01-12,2026-01-12,17.7,2026-01-14,16.82,-5.0,Stop Loss (-5.0%),2.03
CLSK,2026-01-12,2026-01-12,11.7,2026-01-15,13.24,13.16,Time Exit (3 Days),2.82
SMU,2026-01-13,2026-01-13,19.61,2026-01-13,18.63,-5.0,Stop Loss (-5.0%),3.29
CONL,2026-01-13,2026-01-13,17.07,2026-01-15,16.21,-5.0,Stop Loss (-5.0%),2.17
MNTS,2026-01-15,2026-01-15,9.52,2026-01-15,9.04,-5.0,Stop Loss (-5.0%),2.45
FNMA,2026-01-20,2026-01-20,8.29,2026-01-23,8.93,7.72,Time Exit (3 Days),2.22
AEO,2026-01-27,2026-01-27,24.19,2026-01-29,22.98,-5.0,Stop Loss (-5.0%),2.17
APPX,2026-02-06,2026-02-06,10.88,2026-02-06,10.34,-5.0,Stop Loss (-5.0%),2.09
GTLB,2026-02-09,2026-02-09,31.5,2026-02-11,29.92,-5.0,Stop Loss (-5.0%),2.05
ZSL,2026-02-12,2026-02-12,22.3,2026-02-18,24.7,10.76,Time Exit (3 Days),2.64
NU,2026-02-24,2026-02-24,16.19,2026-02-26,15.38,-5.0,Stop Loss (-5.0%),2.16
