Date,Ticker,Side,Pred_Return_%,XGB_Rank_Score,Daily_Rank_Pct,Strategy_Return,Strategy_Return_%
2024-01-02,PFE,LONG,2.48,0.0195,95.17,-0.0027,-0.27
2024-01-09,CVNA,LONG,2.14,-0.0361,94.42,-0.03,-3.0
2024-01-10,YINN,LONG,2.23,0.093,99.95,0.010899999999999998,1.09
2024-01-10,CMC,LONG,2.04,-0.0006,97.3,0.0106,1.06
2024-01-12,REPL,LONG,2.08,0.1519,100.0,-0.03,-3.0
2024-01-12,ZIM,LONG,2.61,-0.0473,93.91,-0.03,-3.0
2024-01-16,TZA,LONG,2.01,-0.023,96.44,0.007899999999999999,0.79
2024-01-16,ZIM,LONG,2.94,-0.0412,95.25,-0.03,-3.0
2024-01-19,CFLT,LONG,2.09,0.0704,99.62,0.0167,1.67
2024-01-19,APPN,LONG,2.33,-0.0219,90.02,0.045899999999999996,4.59
2024-01-22,SE,LONG,2.05,0.0527,99.19,0.07990000000000001,7.99
2024-01-22,BILI,LONG,2.0,0.0249,97.81,0.11470000000000001,11.47
2024-01-25,SBUX,LONG,2.93,-0.0157,97.1,0.0071,0.71
2024-01-25,ROKU,LONG,2.5,-0.022,96.53,0.036699999999999997,3.67
2024-01-26,ROKU,LONG,2.41,0.0031,98.76,0.0055,0.55
2024-01-26,HOOD,LONG,2.03,-0.0277,95.82,0.013199999999999998,1.32
2024-01-29,AFRM,LONG,2.08,0.024,98.91,-0.03,-3.0
2024-01-29,COLB,LONG,2.17,-0.0335,94.82,-0.0193,-1.93
2024-01-30,GAP,LONG,2.27,0.0181,99.1,-0.0121,-1.21
2024-01-30,JD,LONG,2.02,-0.0419,93.04,-0.0216,-2.16
2024-01-31,LI,LONG,2.05,0.0174,99.03,0.029199999999999997,2.92
2024-01-31,GAP,LONG,2.08,-0.0232,94.45,0.0191,1.91
2024-02-01,UPST,LONG,2.05,0.1595,99.95,-0.0162,-1.62
2024-02-01,RIVN,LONG,2.81,0.1564,99.91,-0.03,-3.0
2024-02-02,RIG,LONG,3.11,0.0314,98.69,-0.03,-3.0
2024-02-02,FLG,LONG,2.39,-0.0138,93.99,-0.03,-3.0
2024-02-06,RUN,LONG,2.17,0.0142,92.89,0.1253,12.53
2024-02-08,HUT,LONG,2.25,0.0393,99.43,0.2899,28.99
2024-02-08,SGML,LONG,2.41,0.0041,97.72,0.1425,14.25
2024-02-12,SQM,LONG,2.04,0.0187,98.91,-0.0048000000000000004,-0.48
2024-02-12,TZA,LONG,2.08,0.0177,98.87,-0.015,-1.5
2024-02-28,SBAC,LONG,2.04,-0.0218,97.13,0.0366,3.66
2024-02-28,SPHD,LONG,2.09,-0.0269,96.61,-0.0055,-0.55
2024-02-29,HSY,LONG,2.41,-0.0637,90.74,-0.024399999999999998,-2.44
2024-03-12,RIVN,LONG,2.16,0.0215,96.91,-0.03,-3.0
2024-03-13,RIVN,LONG,2.07,0.1219,99.95,-0.03,-3.0
2024-05-06,BILL,LONG,2.03,0.0299,99.02,-0.0233,-2.33
2024-05-07,SMCI,LONG,3.01,-0.0366,93.52,-0.023899999999999998,-2.39
2024-05-07,INTC,LONG,4.53,-0.0446,92.0,-0.03,-3.0
2024-05-08,ASX,LONG,3.26,0.0046,96.89,0.0035000000000000014,0.35
2024-05-08,PLTR,LONG,4.2,-0.0074,95.69,-0.03,-3.0
2024-05-09,UNIT,LONG,2.68,0.0131,97.22,-0.0254,-2.54
2024-05-09,ABBV,LONG,4.01,0.0086,97.1,-0.0071,-0.71
2024-05-10,MA,LONG,2.69,-0.0015,96.86,-0.016800000000000002,-1.68
2024-05-10,ABBV,LONG,2.75,-0.0278,94.48,-0.0045,-0.45
2024-05-20,FIVE,LONG,3.64,0.0527,99.26,-0.03,-3.0
2024-05-20,TAP,LONG,2.75,0.0321,98.33,-0.03,-3.0
2024-05-21,FIVE,LONG,3.53,0.0477,99.72,-0.03,-3.0
2024-05-21,POOL,LONG,2.59,0.0246,99.16,-0.0187,-1.87
2024-05-22,HOPE,LONG,2.3,-0.0013,92.2,-0.03,-3.0
2024-05-22,TAP,LONG,2.1,-0.0027,91.99,-0.03,-3.0
2024-05-24,LULU,LONG,3.18,0.0671,99.67,-0.0199,-1.99
2024-05-24,NVD,LONG,2.83,0.0404,99.25,-0.03,-3.0
2024-05-30,AL,LONG,2.11,0.0023,97.24,0.002,0.2
2024-05-30,SG,LONG,2.32,-0.0111,95.98,0.033299999999999996,3.33
2024-06-04,PVH,LONG,2.16,-0.0279,93.85,-0.0118,-1.18
2024-06-04,TAP,LONG,2.49,-0.0334,92.45,-0.0181,-1.81
2024-06-05,TAP,LONG,2.71,-0.0037,96.78,-0.0218,-2.18
2024-06-06,ASTS,LONG,2.19,0.1512,99.95,-0.03,-3.0
2024-06-06,YANG,LONG,2.52,0.0164,97.67,0.037599999999999995,3.76
2024-06-10,SWK,LONG,2.34,0.069,99.21,0.05480000000000001,5.48
2024-06-10,DVN,LONG,2.06,0.0072,96.11,-0.01,-1.0
2024-06-11,NVAX,LONG,2.85,0.0312,97.72,-0.03,-3.0
2024-06-11,SIRI,LONG,3.56,0.013,96.2,-0.01,-1.0
2024-06-12,LRN,LONG,2.23,0.0331,99.26,-0.009600000000000001,-0.96
2024-06-12,MBLY,LONG,2.71,0.0031,97.4,-0.03,-3.0
2024-06-20,NVAX,LONG,2.36,-0.0071,94.63,0.014900000000000002,1.49
2024-06-20,SCHW,LONG,3.85,-0.0257,92.06,0.0174,1.74
2024-06-21,MS,LONG,2.83,0.0175,96.82,-0.0051,-0.51
2024-06-21,SCHW,LONG,2.41,-0.0139,91.87,0.0082,0.82
2024-06-24,ARRY,LONG,2.15,0.0435,97.57,-0.03,-3.0
2024-06-24,TMDX,LONG,2.02,0.0255,95.94,0.0378,3.78
2024-07-02,SMCI,LONG,4.2,0.1543,100.0,0.049,4.9
2024-07-02,REGN,LONG,2.13,0.0198,96.27,-0.0288,-2.88
2024-07-03,LULU,LONG,2.43,0.0959,99.65,-0.03,-3.0
2024-07-03,SMCI,LONG,3.75,0.0775,99.21,0.06420000000000001,6.42
2024-07-05,OI,LONG,2.24,0.1206,99.91,-0.03,-3.0
2024-07-05,CELH,LONG,2.85,0.078,99.25,-0.03,-3.0
2024-07-08,ST,LONG,2.27,0.0276,95.93,0.0167,1.67
2024-07-08,ZTS,LONG,2.81,0.0166,94.62,-0.020900000000000002,-2.09
2024-07-09,CVNA,LONG,3.92,0.0893,99.58,0.0524,5.24
2024-07-09,SIRI,LONG,3.8,0.0837,99.49,0.1008,10.08
2024-07-10,MSTR,LONG,2.28,0.1395,99.95,0.0484,4.84
2024-07-10,CROX,LONG,3.82,0.1278,99.91,-0.03,-3.0
2024-07-11,COUR,LONG,2.0,0.1204,99.81,-0.0016000000000000007,-0.16
2024-07-11,JBHT,LONG,2.51,0.0808,99.44,0.0435,4.35
2024-07-12,SMCI,LONG,2.08,0.0576,98.91,-0.0242,-2.42
2024-07-12,CCL,LONG,2.37,0.0528,98.61,0.0467,4.67
2024-07-15,MBLY,LONG,2.56,0.076,99.4,-0.03,-3.0
2024-07-15,CMCSA,LONG,2.61,0.0285,97.48,0.0512,5.12
2024-07-16,SMCI,LONG,2.11,-0.0099,95.6,-0.03,-3.0
2024-07-16,VRTX,LONG,2.53,-0.0349,91.39,-0.0204,-2.04
2024-07-18,CELH,LONG,5.78,0.0905,99.68,-0.03,-3.0
2024-07-18,PLD,LONG,3.14,0.0647,98.94,0.024,2.4
2024-07-19,CVS,LONG,6.69,0.1245,99.72,-0.03,-3.0
2024-07-19,SHOP,LONG,4.22,0.0862,99.07,-0.007600000000000001,-0.76
2024-07-22,DPZ,LONG,3.78,0.1288,99.91,0.0436,4.36
2024-07-22,DECK,LONG,2.63,0.077,98.98,-0.03,-3.0
2024-07-23,PINS,LONG,4.35,0.0713,99.26,-0.03,-3.0
2024-07-23,HBM,LONG,3.21,0.0511,98.56,-0.0087,-0.87
2024-07-31,MRK,LONG,2.44,0.0439,98.75,-0.0169,-1.69
2024-07-31,BE,LONG,2.04,0.0215,97.22,-0.03,-3.0
2024-08-15,CRSP,LONG,4.74,0.0921,99.07,0.0331,3.31
2024-08-15,TEX,LONG,2.35,0.0582,98.37,-0.0144,-1.44
2024-08-16,CRSP,LONG,3.09,-0.0021,96.15,0.0049,0.49
2024-08-16,IT,LONG,2.15,-0.0237,93.96,-0.008,-0.8
2024-08-19,SMMT,LONG,2.05,-0.0221,94.49,0.13699999999999998,13.7
2024-08-22,IT,LONG,4.61,0.1034,99.68,-0.0092,-0.92
2024-08-22,EVER,LONG,2.6,0.0433,98.1,0.12350000000000001,12.35
2024-08-23,HE,LONG,2.13,0.1407,99.95,-0.03,-3.0
2024-08-23,CELH,LONG,4.36,0.1386,99.91,-0.013000000000000001,-1.3
2024-08-26,CELH,LONG,4.46,0.1308,99.95,-0.03,-3.0
2024-08-26,CAR,LONG,3.32,0.0861,99.26,-0.03,-3.0
2024-08-27,UNH,LONG,2.12,0.0946,99.68,-0.0064,-0.64
2024-08-27,LRCX,LONG,5.57,0.0787,99.4,-0.026500000000000003,-2.65
2024-08-28,TAN,LONG,2.54,0.0483,99.08,-0.007600000000000001,-0.76
2024-08-28,SHOP,LONG,2.8,0.0364,98.52,-0.0122,-1.22
2024-08-29,BIDU,LONG,2.97,0.0733,99.75,-0.0137,-1.37
2024-08-29,GRPN,LONG,2.61,0.0659,99.49,-0.03,-3.0
2024-08-30,CVNA,LONG,2.96,0.0772,99.54,-0.03,-3.0
2024-08-30,REGN,LONG,2.67,0.0645,99.35,-0.0099,-0.99
2024-09-11,VSCO,LONG,2.07,0.1336,99.91,0.07640000000000001,7.64
2024-09-11,JPM,LONG,2.71,0.0745,99.45,-0.0145,-1.45
2024-09-12,MSCI,LONG,2.12,0.0482,99.4,0.001899999999999999,0.19
2024-09-12,SKY,LONG,2.01,0.0463,99.17,0.0565,5.65
2024-09-13,GRPN,LONG,2.98,0.0833,99.86,0.0932,9.32
2024-09-13,INTU,LONG,2.28,0.0218,98.71,-0.007,-0.7
2024-09-16,MTCH,LONG,2.91,0.0649,99.72,0.020999999999999998,2.1
2024-09-16,TRMB,LONG,2.72,-0.0179,95.31,0.0158,1.58
2024-09-19,FIVE,LONG,2.39,0.0374,98.55,-0.03,-3.0
2024-09-19,TMDX,LONG,2.23,0.0149,97.25,-0.018000000000000002,-1.8
2024-09-20,STT,LONG,2.61,0.0093,94.98,-0.0085,-0.85
2024-09-20,UL,LONG,2.62,-0.0172,91.01,-0.004399999999999999,-0.44
2024-09-24,MRVL,LONG,2.05,0.038,98.53,0.004399999999999999,0.44
2024-09-25,GME,LONG,3.59,0.0612,99.31,0.004399999999999999,0.44
2024-09-25,BOIL,LONG,2.31,0.0596,99.17,0.031100000000000003,3.11
2024-09-26,MOH,LONG,2.62,0.0128,95.32,-0.0088,-0.88
2024-09-26,GME,LONG,6.12,0.003,94.11,0.013700000000000002,1.37
2024-09-27,TTWO,LONG,2.32,0.103,99.95,-0.0232,-2.32
2024-09-27,EVER,LONG,2.33,0.0511,98.95,-0.0286,-2.86
2024-10-01,SOXL,LONG,2.2,0.0945,99.59,-0.03,-3.0
2024-10-01,EXPE,LONG,2.19,0.0354,96.88,-0.018000000000000002,-1.8
2024-10-07,MDT,LONG,2.14,0.1012,99.31,-0.004399999999999999,-0.44
2024-10-07,GEV,LONG,2.6,0.0893,98.76,-0.0055,-0.55
2024-10-08,DPZ,LONG,3.44,0.0788,99.1,-0.0142,-1.42
2024-10-08,MRNA,LONG,2.05,0.0741,98.99,-0.03,-3.0
2024-10-09,VST,LONG,4.37,0.1898,100.0,-0.0189,-1.89
2024-10-09,GDS,LONG,2.15,0.1291,99.63,0.0651,6.51
2024-10-10,EBS,LONG,2.58,0.2055,99.95,0.010400000000000001,1.04
2024-10-10,WWW,LONG,3.08,0.0708,97.49,0.004699999999999999,0.47
2024-10-11,WING,LONG,2.23,0.1578,99.95,-0.0181,-1.81
2024-10-11,FSLR,LONG,2.88,0.0624,98.9,-0.03,-3.0
2024-10-15,PDD,LONG,2.05,0.0996,99.82,-0.03,-3.0
2024-10-15,DIS,LONG,3.04,0.0458,98.85,0.0035000000000000014,0.35
2024-10-17,MBLY,LONG,2.89,0.0852,99.86,0.0659,6.59
2024-10-17,RMD,LONG,2.11,0.0654,99.63,-0.0089,-0.89
2024-10-18,FXI,LONG,2.45,0.0373,96.28,-0.0242,-2.42
2024-10-18,NEXT,LONG,2.25,-0.0058,91.56,-0.0064,-0.64
2024-10-21,GSK,LONG,2.67,0.0376,96.98,-0.0233,-2.33
2024-10-21,PZZA,LONG,2.43,0.0047,93.36,-0.03,-3.0
2024-10-24,EDU,LONG,2.36,0.1039,99.91,0.0452,4.52
2024-10-24,DJT,LONG,2.13,0.0792,99.5,0.356,35.6
2024-10-29,SEDG,LONG,2.45,0.3267,100.0,-0.03,-3.0
2024-10-29,WST,LONG,2.12,0.1136,99.45,-0.018000000000000002,-1.8
2024-10-30,AAP,LONG,3.08,0.034,97.76,-0.005300000000000001,-0.53
2024-10-30,SPGI,LONG,2.06,0.0325,97.67,-0.0189,-1.89
2024-10-31,AAP,LONG,2.85,0.0139,95.79,0.0303,3.03
2024-10-31,DHI,LONG,2.07,-0.0032,93.37,0.006699999999999999,0.67
2024-11-04,AR,LONG,3.37,0.0615,98.86,0.10830000000000001,10.83
2024-11-04,RCL,LONG,2.55,0.0511,98.17,0.116,11.6
2024-11-06,GWRE,LONG,4.52,0.107,99.86,0.0049,0.49
2024-11-06,JD,LONG,2.99,0.0131,95.56,-0.0025000000000000005,-0.25
2024-11-07,MCHI,LONG,2.28,0.1511,99.95,-0.03,-3.0
2024-11-07,ANET,LONG,2.13,0.0752,99.45,-0.03,-3.0
2024-11-08,ENPH,LONG,5.45,0.0608,98.86,-0.03,-3.0
2024-11-08,NCLH,LONG,2.09,0.0207,96.9,0.0291,2.91
2024-11-11,VALE,LONG,2.34,0.1095,99.91,-0.03,-3.0
2024-11-11,AAP,LONG,2.01,0.1058,99.82,0.0671,6.71
2024-11-13,IVV,LONG,2.17,0.0803,99.22,-0.029400000000000003,-2.94
2024-11-13,RARE,LONG,3.57,0.0645,98.17,-0.03,-3.0
2024-11-14,NVAX,LONG,2.1,0.2273,100.0,-0.006200000000000001,-0.62
2024-11-14,IVV,LONG,3.04,0.0839,99.59,-0.0252,-2.52
2024-11-15,IVV,LONG,2.73,0.0878,99.31,-0.0091,-0.91
2024-11-15,INTC,LONG,3.48,0.0224,96.68,-0.03,-3.0
2024-11-18,AAP,LONG,2.33,0.0537,98.95,0.018500000000000003,1.85
2024-11-18,TMDX,LONG,2.15,0.0445,98.35,-0.0229,-2.29
2024-11-19,TMDX,LONG,4.29,0.0512,97.43,-0.028200000000000003,-2.82
2024-11-19,LULU,LONG,3.1,0.0508,97.38,0.022699999999999998,2.27
2024-11-21,SYF,LONG,2.08,0.0908,99.34,0.023599999999999996,2.36
2024-11-21,BABA,LONG,3.33,0.0533,97.76,-0.026099999999999998,-2.61
2024-11-22,EL,LONG,2.29,0.1335,99.91,0.08910000000000001,8.91
2024-11-22,SMMT,LONG,3.02,0.1165,99.73,0.0278,2.78
2024-11-27,DG,LONG,2.82,0.0734,99.05,0.0203,2.03
2024-11-27,CLF,LONG,2.68,0.0394,97.23,0.048600000000000004,4.86
2024-11-29,VET,LONG,3.05,0.0217,96.45,-0.013900000000000001,-1.39
2024-12-02,BYD,LONG,2.0,0.0511,98.59,-0.0009999999999999992,-0.1
2024-12-02,ICE,LONG,2.04,-0.007,93.57,-0.03,-3.0
2024-12-05,SM,LONG,2.22,0.1092,99.86,-0.03,-3.0
2024-12-05,ALB,LONG,2.56,0.0703,99.28,0.0651,6.51
2024-12-09,LMT,LONG,2.62,0.0426,97.97,-0.023600000000000003,-2.36
2024-12-09,HBM,LONG,2.41,0.042,97.88,0.0448,4.48
2024-12-10,AMD,LONG,2.32,0.0089,96.92,-0.0173,-1.73
2024-12-10,DVN,LONG,2.19,-0.0084,95.0,-0.03,-3.0
2024-12-11,COLD,LONG,2.02,0.0451,98.28,-0.0038000000000000004,-0.38
2024-12-26,GNRC,LONG,2.28,0.0367,95.91,-0.0083,-0.83
2024-12-26,CAR,LONG,2.03,0.0346,95.41,-0.03,-3.0
2024-12-27,PUMP,LONG,2.16,0.068,99.5,0.026699999999999995,2.67
2025-01-24,VKTX,LONG,2.14,0.0548,99.09,-0.0169,-1.69
2025-01-24,COLD,LONG,2.49,-0.0048,96.13,0.004199999999999999,0.42
2025-01-27,VKTX,LONG,2.4,0.2003,100.0,-0.023,-2.3
2025-01-27,DJT,LONG,2.13,0.0712,99.68,0.0113,1.13
2025-01-28,KLAC,LONG,2.49,0.1468,100.0,0.05469999999999999,5.47
2025-01-28,LTBR,LONG,3.05,0.0469,98.55,0.3502,35.02
2025-01-29,GIS,LONG,2.76,0.0198,96.87,-0.0068000000000000005,-0.68
2025-01-29,HAS,LONG,2.05,0.0151,96.37,-0.0196,-1.96
2025-01-31,CNR,LONG,2.02,0.0302,97.72,-0.02,-2.0
2025-02-03,CNR,LONG,2.03,0.0123,97.28,-0.0054,-0.54
2025-02-11,MRNA,LONG,2.22,0.1587,99.86,0.0026999999999999993,0.27
2025-02-11,MRK,LONG,2.03,-0.0003,93.13,-0.0291,-2.91
2025-02-12,NVAX,LONG,2.28,0.1163,99.91,0.0215,2.15
2025-02-12,MRNA,LONG,2.34,0.1101,99.77,0.05519999999999999,5.52
2025-05-01,BLMN,LONG,3.65,0.0809,99.64,-0.0125,-1.25
2025-05-01,NN,LONG,2.8,0.0714,99.45,0.0201,2.01
2025-05-02,RDW,LONG,3.64,0.1966,100.0,0.0179,1.79
2025-05-02,SOXL,LONG,2.09,0.1924,99.95,-0.029400000000000003,-2.94
2025-05-05,ARVN,LONG,3.18,0.1605,100.0,-0.03,-3.0
2025-05-05,SERV,LONG,2.8,0.1563,99.95,-0.03,-3.0
2025-05-06,LUNR,LONG,2.03,0.2774,99.95,0.0659,6.59
2025-05-06,HUT,LONG,2.98,0.2117,99.73,0.1402,14.02
2025-05-07,TSLL,LONG,4.75,0.1768,100.0,0.14479999999999998,14.48
2025-05-07,RDW,LONG,3.05,0.1696,99.95,-0.015300000000000001,-1.53
2025-05-08,TSLL,LONG,3.36,0.3068,100.0,0.2757,27.57
2025-05-08,TQQQ,LONG,2.09,0.1815,99.95,0.1067,10.67
2025-05-09,GES,LONG,2.95,0.1236,99.91,0.0484,4.84
2025-05-09,TSLL,LONG,2.19,0.0976,99.82,0.30129999999999996,30.13
2025-05-12,CORZ,LONG,2.9,0.0633,99.46,0.042,4.2
2025-05-12,GAP,LONG,3.15,0.0376,98.05,0.06099999999999999,6.1
2025-05-15,PPTA,LONG,2.95,0.146,100.0,0.0956,9.56
2025-05-15,WVE,LONG,2.89,0.0702,99.27,0.0040999999999999995,0.41
2025-05-16,IONQ,LONG,2.12,0.1669,99.95,0.043399999999999994,4.34
2025-05-16,TEM,LONG,3.81,0.1114,99.41,-0.03,-3.0
2025-05-19,CONL,LONG,2.36,0.2336,99.95,-0.0147,-1.47
2025-05-19,DXYZ,LONG,2.02,0.2046,99.91,-0.00020000000000000052,-0.02
2025-05-20,GLOB,LONG,2.44,0.1488,99.86,-0.0215,-2.15
2025-05-20,PONY,LONG,4.38,0.1442,99.82,0.117,11.7
2025-05-21,OKLO,LONG,3.02,0.1192,99.82,0.31079999999999997,31.08
2025-05-21,CAVA,LONG,7.2,0.1047,99.77,-0.03,-3.0
2025-05-22,RGTI,LONG,2.48,0.1484,100.0,0.2763,27.63
2025-05-22,HIMS,LONG,2.1,0.1238,99.91,-0.0101,-1.01
2025-05-23,ENVX,LONG,4.31,0.1655,99.66,0.10410000000000001,10.41
2025-05-23,HIMS,LONG,5.21,0.1406,99.05,-0.0131,-1.31
2025-05-27,AEVA,LONG,6.47,0.2019,99.95,0.0403,4.03
2025-05-27,ZBIO,LONG,3.2,0.1319,99.77,-0.03,-3.0
2025-05-28,ATAT,LONG,2.37,0.0885,99.23,-0.006200000000000001,-0.62
2025-05-28,RGNX,LONG,2.15,0.0814,99.0,-0.03,-3.0
2025-05-29,QUBT,LONG,2.69,0.1238,98.91,-0.03,-3.0
2025-05-29,LAZ,LONG,3.32,0.1169,98.73,-0.03,-3.0
2025-05-30,ARRY,LONG,2.18,0.1231,99.77,0.04889999999999999,4.89
2025-05-30,CONL,LONG,2.53,0.1167,99.61,0.0859,8.59
2025-06-02,GPCR,LONG,2.14,0.091,99.0,-0.0086,-0.86
2025-06-02,RDDT,LONG,2.27,0.0888,98.91,0.07289999999999999,7.29
2025-06-03,ASPI,LONG,3.1,0.1344,99.77,0.1396,13.96
2025-06-03,NBIS,LONG,2.93,0.1084,99.41,0.253,25.3
2025-06-04,FLYW,LONG,2.05,0.0662,99.23,0.0035000000000000014,0.35
2025-06-04,ACHC,LONG,3.73,0.0506,98.73,0.000700000000000001,0.07
2025-06-05,SATS,LONG,4.03,0.1161,99.91,-0.0254,-2.54
2025-06-05,RKT,LONG,3.66,0.1122,99.82,0.0084,0.84
2025-06-06,IONQ,LONG,2.03,0.17,99.95,0.045,4.5
2025-06-06,HCTI,LONG,2.81,0.1486,99.82,-0.01,-1.0
2025-06-09,FNMA,LONG,2.62,0.1103,98.87,0.1005,10.05
2025-06-09,GPCR,LONG,3.74,0.0839,97.11,0.0438,4.38
2025-06-10,AVR,LONG,2.08,0.1273,99.55,-0.03,-3.0
2025-06-10,ODD,LONG,3.39,0.105,99.05,0.0496,4.96
2025-06-11,ORIC,LONG,3.77,0.0895,98.97,-0.03,-3.0
2025-06-11,LTBR,LONG,2.08,0.0505,96.94,-0.03,-3.0
2025-06-24,QUBT,LONG,2.81,0.1057,98.96,-0.03,-3.0
2025-06-24,AFRM,LONG,2.88,0.0836,98.24,0.0194,1.94
2025-06-25,AFRM,LONG,2.91,0.0996,99.19,0.0186,1.86
2025-06-25,HIMS,LONG,5.84,0.0823,98.42,0.12070000000000002,12.07
2025-06-26,OKLO,LONG,4.82,0.1387,99.95,-0.03,-3.0
2025-06-26,IONQ,LONG,3.21,0.104,99.32,0.07590000000000001,7.59
2025-06-27,NNE,LONG,2.19,0.2136,99.95,-0.03,-3.0
2025-06-27,TEM,LONG,4.17,0.1188,99.28,-0.03,-3.0
2025-06-30,DLB,LONG,3.95,0.1049,98.72,0.014900000000000002,1.49
2025-06-30,PLAB,LONG,2.92,0.104,98.61,0.059000000000000004,5.9
2025-07-07,RXST,LONG,2.82,0.1225,99.78,-0.03,-3.0
2025-07-07,AMBA,LONG,2.3,0.1037,99.46,0.014399999999999998,1.44
2025-07-08,TEM,LONG,2.55,0.093,99.46,-0.0011999999999999997,-0.12
2025-07-08,RVLV,LONG,2.97,0.0894,99.26,0.051399999999999994,5.14
2025-07-09,WGS,LONG,3.4,0.1082,99.78,-0.03,-3.0
2025-07-09,ASTS,LONG,2.09,0.0816,99.46,-0.009000000000000001,-0.9
2025-07-10,TEM,LONG,2.45,0.0954,99.11,-0.03,-3.0
2025-07-10,QBTS,LONG,2.55,0.0654,98.03,-0.03,-3.0
2025-07-11,QBTS,LONG,2.14,0.0657,98.44,0.0083,0.83
2025-07-11,GPRE,LONG,4.08,0.0645,98.33,0.019999999999999997,2.0
2025-07-15,RXST,LONG,2.82,0.2529,100.0,-0.03,-3.0
2025-07-15,SATS,LONG,2.11,0.1325,99.78,-0.03,-3.0
2025-07-17,DLO,LONG,2.57,0.0641,98.75,-0.03,-3.0
2025-07-17,ACVA,LONG,2.97,0.0515,97.95,-0.03,-3.0
2025-07-21,KURA,LONG,3.25,0.09,99.11,-0.0069,-0.69
2025-07-21,ENOV,LONG,2.02,0.0351,97.01,0.015499999999999998,1.55
2025-07-25,ASAN,LONG,2.16,0.1103,99.64,0.0094,0.94
2025-07-25,BTSG,LONG,2.8,0.0556,98.4,-0.03,-3.0
2025-07-28,IONQ,LONG,2.18,0.1254,99.87,-0.03,-3.0
2025-07-28,QUBT,LONG,2.14,0.0903,99.29,-0.03,-3.0
2025-08-01,URGN,LONG,2.4,0.0933,99.55,0.10160000000000001,10.16
2025-08-01,GH,LONG,4.07,0.0842,99.33,0.12300000000000001,12.3
2025-08-04,MRUS,LONG,2.76,0.0545,96.11,-0.0109,-1.09
2025-08-04,HCTI,LONG,2.29,0.0367,93.45,-0.03,-3.0
2025-08-06,CAPR,LONG,2.39,0.1028,99.64,0.1725,17.25
2025-08-06,USAR,LONG,3.24,0.0938,99.42,0.1153,11.53
2025-08-07,AVPT,LONG,2.13,0.0861,99.24,-0.03,-3.0
2025-08-07,BKSY,LONG,2.98,0.082,99.07,0.0089,0.89
2025-08-08,SRRK,LONG,2.27,0.1489,99.91,0.004199999999999999,0.42
2025-08-08,ACDC,LONG,2.83,0.0734,98.84,-0.00040000000000000105,-0.04
2025-08-11,PL,LONG,2.31,0.1069,99.78,0.05059999999999999,5.06
2025-08-11,PBF,LONG,2.35,0.0856,99.6,0.0264,2.64
2025-08-12,EOSE,LONG,2.07,0.1456,99.82,0.009299999999999998,0.93
2025-08-12,CRWV,LONG,2.69,0.111,99.53,-0.03,-3.0
2025-08-13,HIMS,LONG,2.45,0.1323,99.87,-0.03,-3.0
2025-08-13,REPL,LONG,2.09,0.0216,96.35,0.0312,3.12
2025-08-14,UMAC,LONG,2.27,0.1839,100.0,-0.005,-0.5
2025-08-14,NBIS,LONG,2.88,0.0767,99.55,0.03,3.0
2025-08-20,LUNR,LONG,2.0,0.1276,99.44,0.0349,3.49
2025-08-20,AMPX,LONG,2.71,0.0879,98.62,0.07310000000000001,7.31
2025-08-22,WRD,LONG,2.38,0.0788,98.76,0.053200000000000004,5.32
2025-08-22,PRGS,LONG,2.03,0.0329,94.69,-0.0008999999999999998,-0.09
2025-08-25,CAPR,LONG,2.97,0.0722,98.63,-0.03,-3.0
2025-08-25,AESI,LONG,3.05,0.021,93.31,-0.0134,-1.34
2025-08-27,TLRY,LONG,3.74,0.0552,98.01,-0.03,-3.0
2025-08-27,SGML,LONG,2.33,0.0344,96.68,0.11210000000000002,11.21
2025-09-02,ZIM,LONG,3.17,0.0747,98.98,-0.0182,-1.82
2025-09-02,RUM,LONG,3.65,0.0733,98.87,0.0028000000000000004,0.28
2025-09-04,MNTS,LONG,2.52,0.1083,99.65,-0.03,-3.0
2025-09-04,SEI,LONG,2.26,0.0742,98.67,-0.03,-3.0
2025-09-05,EEFT,LONG,2.37,0.0839,99.38,-0.0078,-0.78
2025-09-05,CNC,LONG,2.4,0.0625,98.72,0.07640000000000001,7.64
2025-09-08,RKLB,LONG,2.04,0.1643,99.96,0.004699999999999999,0.47
2025-09-08,JOBY,LONG,3.28,0.1138,99.69,-0.03,-3.0
2025-09-09,XPEV,LONG,2.01,0.0824,99.38,-0.0134,-1.34
2025-09-09,BEAM,LONG,2.37,0.0589,98.37,0.06400000000000002,6.4
2025-09-10,YPF,LONG,2.78,0.1675,100.0,-0.0155,-1.55
2025-09-10,RBLX,LONG,2.11,0.0855,99.25,-0.004,-0.4
2025-09-11,TIGR,LONG,2.4,0.0415,96.29,-0.03,-3.0
2025-09-11,OXLC,LONG,3.01,0.0134,93.51,-0.0026,-0.26
2025-09-24,IRDM,LONG,2.57,0.042,96.87,-0.0162,-1.62
2025-09-24,OCSL,LONG,2.98,0.0213,94.28,9.99999999999994e-05,0.01
2025-09-26,SOC,LONG,2.24,0.0842,98.41,-0.03,-3.0
2025-09-26,NCNO,LONG,2.37,0.0206,92.11,-0.03,-3.0
2025-10-03,IONQ,LONG,2.09,0.0877,99.06,0.11240000000000001,11.24
2025-10-03,IREN,LONG,2.01,0.0343,94.43,0.2874,28.74
2025-10-06,VVV,LONG,2.32,0.0416,95.37,-0.03,-3.0
2025-10-06,RPM,LONG,3.77,0.0385,95.06,-0.03,-3.0
2025-10-07,VECO,LONG,2.1,0.1738,99.91,-0.03,-3.0
2025-10-07,SRAD,LONG,2.05,0.1123,98.99,-0.020200000000000003,-2.02
2025-10-08,TNGX,LONG,2.44,0.1191,99.39,-0.029199999999999997,-2.92
2025-10-08,LSPD,LONG,2.75,0.1083,99.17,-0.03,-3.0
2025-10-09,BBBY,LONG,3.16,0.2391,100.0,-0.03,-3.0
2025-10-09,EOSE,LONG,2.35,0.1431,99.91,0.1229,12.29
2025-10-10,LENZ,LONG,3.22,0.1151,99.61,-0.03,-3.0
2025-10-10,LFST,LONG,2.67,0.0901,99.17,-0.03,-3.0
2025-10-13,LIND,LONG,2.53,0.165,99.96,0.0295,2.95
2025-10-13,ATAT,LONG,3.04,0.1629,99.91,0.021899999999999996,2.19
2025-10-14,ERO,LONG,2.35,0.1089,99.69,0.034,3.4
2025-10-14,SRPT,LONG,2.54,0.0828,99.26,0.07160000000000001,7.16
2025-10-17,ONDS,LONG,2.51,0.2237,100.0,-0.03,-3.0
2025-10-17,HBAN,LONG,2.4,0.1305,99.5,0.009799999999999998,0.98
2025-10-22,SGML,LONG,3.64,0.1198,99.65,-0.026299999999999997,-2.63
2025-10-22,CGAU,LONG,2.21,0.0698,98.87,0.0458,4.58
2025-10-23,BULL,LONG,4.42,0.2064,100.0,0.052899999999999996,5.29
2025-10-23,PDYN,LONG,2.9,0.1159,99.3,0.0262,2.62
2025-10-24,NVTS,LONG,2.34,0.1625,99.83,-0.03,-3.0
2025-10-24,BULL,LONG,2.61,0.1165,99.43,-0.0082,-0.82
2025-10-27,ASPI,LONG,2.33,0.1449,99.87,-0.0002999999999999999,-0.03
2025-10-27,RLAY,LONG,2.81,0.1445,99.83,0.0328,3.28
2025-10-29,QBTS,LONG,2.23,0.0923,99.3,0.13119999999999998,13.12
2025-10-29,CRK,LONG,2.36,0.0839,98.96,0.07070000000000001,7.07
2025-10-31,INSP,LONG,2.08,0.0731,98.26,0.15289999999999998,15.29
2025-10-31,LIVN,LONG,2.05,0.0723,98.22,0.0184,1.84
2025-11-03,CGON,LONG,2.45,0.0405,96.48,-0.03,-3.0
2025-11-03,ODD,LONG,2.61,0.0225,93.79,-0.03,-3.0
2025-11-05,FLNC,LONG,3.87,0.1339,99.61,0.0395,3.95
2025-11-05,CLPT,LONG,3.69,0.1112,99.22,-0.03,-3.0
2025-11-12,SOC,LONG,4.17,0.1504,99.7,-0.03,-3.0
2025-11-12,WULF,LONG,2.04,0.1206,99.43,-0.03,-3.0
2025-11-13,BWA,LONG,2.81,0.0828,98.48,-0.03,-3.0
2025-11-13,ACIW,LONG,3.17,0.076,98.09,-0.027200000000000002,-2.72
2025-11-14,UAMY,LONG,2.73,0.1152,99.65,0.056299999999999996,5.63
2025-11-14,WULF,LONG,2.78,0.1111,99.43,0.058600000000000006,5.86
2025-11-28,INSP,LONG,2.32,0.063,97.04,0.0406,4.06
2025-12-01,TLRY,LONG,4.16,0.1046,99.57,-0.03,-3.0
2025-12-01,PTLO,LONG,2.11,0.054,97.36,-0.03,-3.0
2025-12-02,ACHR,LONG,3.98,0.1093,99.65,0.1817,18.17
2025-12-02,ACVA,LONG,2.29,0.0852,99.09,0.0107,1.07
2025-12-03,UPST,LONG,2.6,0.1636,99.87,0.08630000000000002,8.63
2025-12-03,TLRY,LONG,2.87,0.1361,99.65,-0.03,-3.0
2025-12-04,LYB,LONG,2.0,0.0583,98.88,-0.03,-3.0
2025-12-04,BBBY,LONG,2.79,0.0418,97.86,-0.03,-3.0
2025-12-10,VVV,LONG,2.7,0.0332,97.2,0.0199,1.99
2025-12-10,ASST,LONG,2.67,0.0269,96.81,-0.03,-3.0
2025-12-11,GSIT,LONG,2.99,0.0652,99.01,-0.03,-3.0
2025-12-11,QURE,LONG,2.22,0.0649,98.97,0.011499999999999998,1.15
2025-12-23,HRMY,LONG,2.39,-0.0037,93.41,-0.025,-2.5
2025-12-29,RKLB,LONG,2.73,0.1236,99.83,-0.0063,-0.63
2025-12-29,PL,LONG,2.18,0.0597,98.28,0.0353,3.53
2025-12-30,FINV,LONG,2.04,0.0507,95.35,-0.0119,-1.19
