Date,Ticker,Side,Prob_UP,Prob_Alpha,Conviction,Capital_Allocation,Strategy_Return,Strategy_Return_%
2024-01-02,WST,LONG,0.7919,0.6448,1.4367,0.016666666666666666,-0.22383333333333336,-22.38
2024-01-02,PM,LONG,0.7499,0.6453,1.3952,0.016666666666666666,0.1115,11.15
2024-01-02,TMO,LONG,0.6971,0.6805,1.3776000000000002,0.016666666666666666,0.08216666666666667,8.22
2024-01-03,TXT,LONG,0.8609,0.7707,1.6316000000000002,0.016666666666666666,-0.1525,-15.25
2024-01-03,CRWD,LONG,0.8362,0.7754,1.6116000000000001,0.016666666666666666,0.014833333333333334,1.48
2024-01-03,CRL,LONG,0.819,0.7612,1.5802,0.016666666666666666,-0.29516666666666663,-29.52
2024-01-04,FTNT,LONG,0.8406,0.7156,1.5562,0.016666666666666666,0.39216666666666666,39.22
2024-01-04,NWS,LONG,0.7798,0.7498,1.5296,0.016666666666666666,0.08083333333333333,8.08
2024-01-04,WDAY,LONG,0.7995,0.7155,1.5150000000000001,0.016666666666666666,0.11216666666666666,11.22
2024-01-05,WDAY,LONG,0.8248,0.7166,1.5413999999999999,0.016666666666666666,0.2175,21.75
2024-01-05,CRWD,LONG,0.7846,0.73,1.5146,0.016666666666666666,0.7628333333333334,76.28
2024-01-05,DPZ,LONG,0.839,0.6445,1.4834999999999998,0.016666666666666666,0.14683333333333332,14.68
2024-01-08,CRWD,LONG,0.7311,0.692,1.4230999999999998,0.016666666666666666,0.9308333333333335,93.08
2024-01-08,MO,LONG,0.7378,0.6635,1.4013,0.016666666666666666,-0.06983333333333333,-6.98
2024-01-08,SHW,LONG,0.7067,0.6853,1.392,0.016666666666666666,0.03816666666666667,3.82
2024-01-09,WDAY,LONG,0.7823,0.7268,1.5091,0.016666666666666666,0.14683333333333332,14.68
2024-01-09,MO,LONG,0.7965,0.6934,1.4899,0.016666666666666666,-0.04983333333333334,-4.98
2024-01-09,WMB,LONG,0.8812,0.607,1.4882,0.016666666666666666,-0.16316666666666665,-16.32
2024-01-10,KR,LONG,0.7638,0.7782,1.542,0.016666666666666666,-0.030500000000000006,-3.05
2024-01-10,LNT,LONG,0.8096,0.71,1.5196,0.016666666666666666,-0.2351666666666667,-23.52
2024-01-10,WDAY,LONG,0.7994,0.6945,1.4939,0.016666666666666666,0.17883333333333334,17.88
2024-01-11,REGN,LONG,0.8839,0.683,1.5669,0.016666666666666666,0.22883333333333333,22.88
2024-01-11,LNT,LONG,0.8114,0.7236,1.5350000000000001,0.016666666666666666,-0.20983333333333337,-20.98
2024-01-11,EVRG,LONG,0.8123,0.7139,1.5262,0.016666666666666666,-0.15116666666666667,-15.12
2024-01-12,KR,LONG,0.8131,0.7593,1.5724,0.016666666666666666,0.09816666666666668,9.82
2024-01-12,MRK,LONG,0.8683,0.6956,1.5638999999999998,0.016666666666666666,-0.017166666666666667,-1.72
2024-01-12,GILD,LONG,0.8282,0.7203,1.5485000000000002,0.016666666666666666,0.08483333333333334,8.48
2024-01-16,MRK,LONG,0.8497,0.7034,1.5531000000000001,0.016666666666666666,-0.0058333333333333345,-0.58
2024-01-16,SJM,LONG,0.8193,0.7331,1.5524,0.016666666666666666,-0.0105,-1.05
2024-01-16,ABBV,LONG,0.8593,0.6817,1.541,0.016666666666666666,0.03616666666666667,3.62
2024-01-17,APP,LONG,0.6484,0.67,1.3184,0.016666666666666666,0.06816666666666667,6.82
2024-01-17,CSCO,LONG,0.6355,0.6681,1.3035999999999999,0.016666666666666666,0.08883333333333333,8.88
2024-01-17,IBKR,LONG,0.642,0.6609,1.3029000000000002,0.016666666666666666,0.19883333333333336,19.88
2024-01-19,SJM,LONG,0.7107,0.7609,1.4716,0.016666666666666666,0.0995,9.95
2024-01-19,WAT,LONG,0.7045,0.7471,1.4516,0.016666666666666666,0.13416666666666666,13.42
2024-01-19,CAT,LONG,0.7333,0.7157,1.4489999999999998,0.016666666666666666,0.19483333333333336,19.48
2024-01-22,TJX,LONG,0.7932,0.7499,1.5431,0.016666666666666666,-0.03916666666666667,-3.92
2024-01-22,GS,LONG,0.8328,0.6909,1.5236999999999998,0.016666666666666666,-0.04916666666666667,-4.92
2024-01-22,CAT,LONG,0.838,0.6811,1.5191,0.016666666666666666,0.1255,12.55
2024-01-23,GS,LONG,0.7823,0.7279,1.5102,0.016666666666666666,-0.0565,-5.65
2024-01-23,PSA,LONG,0.7601,0.6916,1.4517,0.016666666666666666,-0.04516666666666667,-4.52
2024-01-23,HOLX,LONG,0.7236,0.7191,1.4426999999999999,0.016666666666666666,0.008833333333333335,0.88
2024-01-24,VRTX,LONG,0.637,0.7699,1.4069,0.016666666666666666,-0.14516666666666667,-14.52
2024-01-24,ACN,LONG,0.6103,0.7573,1.3676,0.016666666666666666,0.021500000000000002,2.15
2024-01-24,COST,LONG,0.6245,0.6861,1.3106,0.016666666666666666,-0.007166666666666667,-0.72
2024-01-25,VRTX,LONG,0.7016,0.8476,1.5492,0.016666666666666666,0.12816666666666665,12.82
2024-01-25,COST,LONG,0.7461,0.6773,1.4234,0.016666666666666666,0.07216666666666667,7.22
2024-01-25,CNP,LONG,0.6582,0.7502,1.4083999999999999,0.016666666666666666,0.18883333333333333,18.88
2024-01-26,VRTX,LONG,0.7647,0.7036,1.4683000000000002,0.016666666666666666,0.2495,24.95
2024-01-26,COST,LONG,0.7715,0.6713,1.4428,0.016666666666666666,0.20416666666666666,20.42
2024-01-26,WMT,LONG,0.7646,0.6728,1.4373999999999998,0.016666666666666666,0.11216666666666666,11.22
2024-01-29,CSCO,LONG,0.7647,0.7589,1.5236,0.016666666666666666,-0.25116666666666665,-25.12
2024-01-29,VRTX,LONG,0.7551,0.7414,1.4965,0.016666666666666666,0.0495,4.95
2024-01-29,WMT,LONG,0.7712,0.6713,1.4425,0.016666666666666666,0.0395,3.95
2024-01-30,CSCO,LONG,0.6606,0.7985,1.4590999999999998,0.016666666666666666,-0.2698333333333333,-26.98
2024-01-30,WRB,LONG,0.7193,0.6869,1.4062000000000001,0.016666666666666666,-0.07516666666666669,-7.52
2024-01-30,WMT,LONG,0.6798,0.7233,1.4031,0.016666666666666666,0.1315,13.15
2024-01-31,TKO,LONG,0.7119,0.7333,1.4451999999999998,0.016666666666666666,0.006833333333333334,0.68
2024-01-31,CSCO,LONG,0.6535,0.7844,1.4379,0.016666666666666666,-0.26316666666666666,-26.32
2024-01-31,LVS,LONG,0.677,0.754,1.431,0.016666666666666666,0.13016666666666668,13.02
2024-02-01,O,LONG,0.6654,0.6367,1.3021,0.016666666666666666,-0.21383333333333335,-21.38
2024-02-01,CI,LONG,0.6065,0.6926,1.2991000000000001,0.016666666666666666,0.44950000000000007,44.95
2024-02-01,PEG,LONG,0.6292,0.6165,1.2457,0.016666666666666666,0.0235,2.35
2024-02-05,OXY,LONG,0.6931,0.7787,1.4718,0.016666666666666666,0.0675,6.75
2024-02-05,COP,LONG,0.7233,0.7193,1.4426,0.016666666666666666,0.1015,10.15
2024-02-05,EOG,LONG,0.6638,0.7746,1.4384,0.016666666666666666,0.10016666666666667,10.02
2024-02-06,T,LONG,0.684,0.6857,1.3697,0.016666666666666666,-0.3425,-34.25
2024-02-06,MDLZ,LONG,0.6041,0.6797,1.2837999999999998,0.016666666666666666,-0.051166666666666666,-5.12
2024-02-06,CMCSA,LONG,0.6081,0.6641,1.2722,0.016666666666666666,-0.5385,-53.85
2024-02-07,AMGN,LONG,0.6346,0.7621,1.3967,0.016666666666666666,-0.5265,-52.65
2024-02-07,WMT,LONG,0.6288,0.7465,1.3753000000000002,0.016666666666666666,-0.021166666666666667,-2.12
2024-02-07,REGN,LONG,0.649,0.7081,1.3571,0.016666666666666666,0.11016666666666668,11.02
2024-02-08,MCK,LONG,0.7645,0.8401,1.6046,0.016666666666666666,-0.2905,-29.05
2024-02-08,LLY,LONG,0.7684,0.8227,1.5911,0.016666666666666666,0.10883333333333332,10.88
2024-02-08,WMT,LONG,0.7465,0.8309,1.5774,0.016666666666666666,0.035500000000000004,3.55
2024-02-09,MCK,LONG,0.8726,0.8825,1.7551,0.016666666666666666,0.14150000000000001,14.15
2024-02-09,ACGL,LONG,0.9139,0.732,1.6459000000000001,0.016666666666666666,0.10416666666666669,10.42
2024-02-09,WMT,LONG,0.8016,0.8153,1.6169,0.016666666666666666,-0.009833333333333336,-0.98
2024-02-12,MCK,LONG,0.8485,0.8237,1.6722000000000001,0.016666666666666666,-0.0025,-0.25
2024-02-12,WMT,LONG,0.8531,0.7918,1.6448999999999998,0.016666666666666666,-0.02716666666666667,-2.72
2024-02-12,PG,LONG,0.8827,0.7354,1.6181,0.016666666666666666,-0.0765,-7.65
2024-02-13,ACGL,LONG,0.8068,0.7761,1.5829,0.016666666666666666,0.3441666666666667,34.42
2024-02-13,LLY,LONG,0.7057,0.7624,1.4681,0.016666666666666666,0.19683333333333336,19.68
2024-02-13,CPRT,LONG,0.7098,0.7049,1.4146999999999998,0.016666666666666666,-0.09983333333333334,-9.98
2024-02-14,PEG,LONG,0.7112,0.7486,1.4598,0.016666666666666666,0.14083333333333334,14.08
2024-02-14,PNW,LONG,0.721,0.728,1.4489999999999998,0.016666666666666666,0.07416666666666669,7.42
2024-02-14,COST,LONG,0.8128,0.6187,1.4315,0.016666666666666666,0.09016666666666667,9.02
2024-02-15,ETR,LONG,0.6495,0.7236,1.3731,0.016666666666666666,0.13083333333333333,13.08
2024-02-15,PNW,LONG,0.6794,0.6758,1.3552,0.016666666666666666,0.22416666666666668,22.42
2024-02-15,PEG,LONG,0.608,0.7387,1.3467,0.016666666666666666,0.1515,15.15
2024-02-16,LMT,LONG,0.7049,0.6886,1.3935,0.025,0.0695,6.95
2024-02-16,NOC,LONG,0.6392,0.752,1.3912,0.025,0.14750000000000002,14.75
2024-02-20,NOC,LONG,0.6809,0.689,1.3699,0.05,0.08950000000000001,8.95
2024-02-21,AJG,LONG,0.6873,0.6864,1.3737,0.016666666666666666,0.08950000000000001,8.95
2024-02-21,ISRG,LONG,0.622,0.75,1.3719999999999999,0.016666666666666666,0.2135,21.35
2024-02-21,CRWD,LONG,0.6233,0.6682,1.2915,0.016666666666666666,-0.25183333333333335,-25.18
2024-02-22,CDNS,LONG,0.681,0.7418,1.4228,0.016666666666666666,0.2961666666666667,29.62
2024-02-22,ACN,LONG,0.7105,0.7022,1.4127,0.016666666666666666,0.3055,30.55
2024-02-22,CHTR,LONG,0.7484,0.6269,1.3753,0.016666666666666666,0.12350000000000001,12.35
2024-02-23,CB,LONG,0.6428,0.6236,1.2664,0.025,-0.015166666666666669,-1.52
2024-02-23,VRSK,LONG,0.6283,0.625,1.2532999999999999,0.025,0.08016666666666666,8.02
2024-02-26,CME,LONG,0.7031,0.6813,1.3843999999999999,0.016666666666666666,0.08750000000000001,8.75
2024-02-26,OXY,LONG,0.6772,0.7046,1.3818000000000001,0.016666666666666666,0.026166666666666668,2.62
2024-02-26,EQT,LONG,0.6319,0.6515,1.2833999999999999,0.016666666666666666,-0.07783333333333334,-7.78
2024-02-28,CB,LONG,0.7279,0.7476,1.4755,0.016666666666666666,-0.11183333333333334,-11.18
2024-02-28,ADP,LONG,0.7663,0.6197,1.3860000000000001,0.016666666666666666,-0.04316666666666667,-4.32
2024-02-28,FISV,LONG,0.7,0.6223,1.3222999999999998,0.016666666666666666,-0.013833333333333335,-1.38
2024-02-29,AFL,LONG,0.7459,0.716,1.4619,0.016666666666666666,-0.0685,-6.85
2024-02-29,CB,LONG,0.7862,0.6447,1.4309,0.016666666666666666,-0.1405,-14.05
2024-02-29,CPRT,LONG,0.6811,0.7455,1.4266,0.016666666666666666,0.1275,12.75
2024-03-01,GEN,LONG,0.6163,0.7058,1.3220999999999998,0.016666666666666666,-0.0965,-9.65
2024-03-01,TTWO,LONG,0.6529,0.6183,1.2711999999999999,0.016666666666666666,-0.13583333333333333,-13.58
2024-03-01,CSCO,LONG,0.6468,0.6021,1.2489,0.016666666666666666,0.0795,7.95
2024-03-04,WST,LONG,0.6443,0.6063,1.2506,0.05,-0.0825,-8.25
2024-03-05,WST,LONG,0.6105,0.6399,1.2504,0.016666666666666666,0.06216666666666666,6.22
2024-03-05,PSX,LONG,0.6088,0.6303,1.2391,0.016666666666666666,0.2281666666666667,22.82
2024-03-05,CB,LONG,0.6191,0.6124,1.2315,0.016666666666666666,0.014833333333333334,1.48
2024-03-06,MRK,LONG,0.6166,0.6412,1.2578,0.05,0.03616666666666667,3.62
2024-03-08,LLY,LONG,0.6047,0.6268,1.2315,0.05,-0.21583333333333335,-21.58
2024-03-11,JBL,LONG,0.7149,0.7425,1.4574,0.016666666666666666,-0.10850000000000003,-10.85
2024-03-11,MA,LONG,0.7691,0.686,1.4551,0.016666666666666666,0.08950000000000001,8.95
2024-03-11,ETN,LONG,0.7047,0.7361,1.4407999999999999,0.016666666666666666,0.060833333333333336,6.08
2024-03-12,ETN,LONG,0.7409,0.7894,1.5303,0.016666666666666666,0.17216666666666666,17.22
2024-03-12,MA,LONG,0.835,0.6901,1.5251000000000001,0.016666666666666666,0.1461666666666667,14.62
2024-03-12,LLY,LONG,0.8011,0.6826,1.4837,0.016666666666666666,0.23883333333333334,23.88
2024-03-13,LLY,LONG,0.7219,0.7267,1.4485999999999999,0.016666666666666666,-0.007166666666666667,-0.72
2024-03-13,JBL,LONG,0.646,0.8013,1.4473,0.016666666666666666,-1.1791666666666665,-117.92
2024-03-13,CVX,LONG,0.6591,0.7309,1.3900000000000001,0.016666666666666666,0.16016666666666668,16.02
2024-03-14,LLY,LONG,0.8307,0.7572,1.5878999999999999,0.016666666666666666,0.04216666666666667,4.22
2024-03-14,META,LONG,0.7201,0.6457,1.3658000000000001,0.016666666666666666,0.01816666666666667,1.82
2024-03-14,CVX,LONG,0.656,0.7057,1.3617,0.016666666666666666,0.0655,6.55
2024-03-15,LLY,LONG,0.7647,0.6045,1.3692000000000002,0.016666666666666666,0.10483333333333335,10.48
2024-03-15,CI,LONG,0.6453,0.6535,1.2988,0.016666666666666666,0.05416666666666666,5.42
2024-03-15,MRK,LONG,0.6468,0.6124,1.2592,0.016666666666666666,0.09283333333333332,9.28
2024-03-18,WTW,LONG,0.6022,0.6062,1.2084,0.05,0.06683333333333333,6.68
2024-03-19,CDW,LONG,0.6463,0.6655,1.3117999999999999,0.016666666666666666,0.26616666666666666,26.62
2024-03-19,CI,LONG,0.6049,0.6617,1.2666,0.016666666666666666,0.020166666666666666,2.02
2024-03-19,SYK,LONG,0.6036,0.6119,1.2155,0.016666666666666666,-0.011166666666666668,-1.12
2024-03-20,WM,LONG,0.6927,0.6958,1.3885,0.016666666666666666,-0.009833333333333336,-0.98
2024-03-20,HIG,LONG,0.7267,0.6077,1.3344,0.016666666666666666,-0.0165,-1.65
2024-03-20,LLY,LONG,0.6509,0.658,1.3089,0.016666666666666666,-0.019166666666666672,-1.92
2024-03-22,FE,LONG,0.6503,0.7597,1.4100000000000001,0.016666666666666666,-0.08383333333333334,-8.38
2024-03-22,IQV,LONG,0.6024,0.798,1.4004,0.016666666666666666,-0.17916666666666667,-17.92
2024-03-22,PGR,LONG,0.6544,0.7183,1.3727,0.016666666666666666,-0.030500000000000006,-3.05
2024-03-25,IQV,LONG,0.7488,0.738,1.4868000000000001,0.016666666666666666,0.0035,0.35
2024-03-25,HIG,LONG,0.7272,0.6689,1.3961000000000001,0.016666666666666666,0.1421666666666667,14.22
2024-03-25,FANG,LONG,0.7135,0.6759,1.3894,0.016666666666666666,0.06216666666666666,6.22
2024-03-26,GE,LONG,0.6046,0.6752,1.2798,0.016666666666666666,0.07816666666666666,7.82
2024-03-26,ECL,LONG,0.6039,0.6327,1.2366000000000001,0.016666666666666666,0.11216666666666666,11.22
2024-03-26,WM,LONG,0.6005,0.631,1.2315,0.016666666666666666,0.04283333333333334,4.28
2024-03-27,OXY,LONG,0.6158,0.7122,1.328,0.016666666666666666,0.3215,32.15
2024-03-27,APA,LONG,0.6328,0.6716,1.3044,0.016666666666666666,0.5168333333333335,51.68
2024-03-27,GIS,LONG,0.6147,0.6616,1.2763,0.016666666666666666,0.1741666666666667,17.42
2024-03-28,CPB,LONG,0.6907,0.6536,1.3443,0.016666666666666666,0.052166666666666674,5.22
2024-03-28,APA,LONG,0.6134,0.6753,1.2887,0.016666666666666666,0.32216666666666666,32.22
2024-03-28,NEM,LONG,0.6038,0.6328,1.2366000000000001,0.016666666666666666,0.2908333333333334,29.08
2024-04-04,CINF,LONG,0.6514,0.7929,1.4443000000000001,0.016666666666666666,0.03283333333333333,3.28
2024-04-04,PYPL,LONG,0.6231,0.7408,1.3639000000000001,0.016666666666666666,0.1015,10.15
2024-04-04,LIN,LONG,0.6006,0.751,1.3516,0.016666666666666666,-0.011833333333333335,-1.18
2024-04-05,COIN,LONG,0.7189,0.7873,1.5062,0.016666666666666666,-0.1785,-17.85
2024-04-05,TGT,LONG,0.7008,0.7698,1.4706000000000001,0.016666666666666666,-0.02316666666666667,-2.32
2024-04-05,TMO,LONG,0.7636,0.6995,1.4630999999999998,0.016666666666666666,0.21683333333333332,21.68
2024-04-08,SCHW,LONG,0.6831,0.7448,1.4279000000000002,0.016666666666666666,-0.07383333333333335,-7.38
2024-04-08,WMB,LONG,0.6027,0.793,1.3957000000000002,0.016666666666666666,-0.059833333333333336,-5.98
2024-04-08,LOW,LONG,0.6671,0.7175,1.3846,0.016666666666666666,-0.06050000000000001,-6.05
2024-04-09,FDX,LONG,0.6849,0.8395,1.5244,0.016666666666666666,-0.0825,-8.25
2024-04-09,KMI,LONG,0.6707,0.8036,1.4743,0.016666666666666666,-0.0038333333333333336,-0.38
2024-04-09,KMB,LONG,0.6901,0.7729,1.463,0.016666666666666666,0.0008333333333333335,0.08
2024-04-10,KMB,LONG,0.7029,0.7648,1.4677,0.016666666666666666,-0.21183333333333335,-21.18
2024-04-10,LIN,LONG,0.8047,0.6485,1.4531999999999998,0.016666666666666666,-0.15383333333333335,-15.38
2024-04-10,USB,LONG,0.6628,0.7552,1.418,0.016666666666666666,-0.3585,-35.85
2024-04-11,STZ,LONG,0.7789,0.7478,1.5267,0.016666666666666666,-0.16183333333333333,-16.18
2024-04-11,CPAY,LONG,0.7639,0.723,1.4868999999999999,0.016666666666666666,-0.16516666666666668,-16.52
2024-04-11,SLB,LONG,0.721,0.7556,1.4766,0.016666666666666666,-0.31183333333333335,-31.18
2024-04-12,PGR,LONG,0.6212,0.6994,1.3206,0.016666666666666666,0.20016666666666666,20.02
2024-04-12,VLO,LONG,0.6286,0.6175,1.2461000000000002,0.016666666666666666,-0.30383333333333334,-30.38
2024-04-12,CB,LONG,0.6046,0.6233,1.2279,0.016666666666666666,0.01816666666666667,1.82
2024-04-15,UPS,LONG,0.7376,0.6207,1.3583,0.016666666666666666,-0.12316666666666667,-12.32
2024-04-15,KIM,LONG,0.6287,0.7239,1.3526,0.016666666666666666,-0.1845,-18.45
2024-04-15,LULU,LONG,0.7362,0.6072,1.3434,0.016666666666666666,0.17283333333333337,17.28
2024-04-16,WY,LONG,0.7792,0.6863,1.4655,0.016666666666666666,-0.2738333333333333,-27.38
2024-04-16,MNST,LONG,0.7957,0.6294,1.4251,0.016666666666666666,-0.0805,-8.05
2024-04-16,UPS,LONG,0.7377,0.6841,1.4218000000000002,0.016666666666666666,-0.09783333333333334,-9.78
2024-04-17,KO,LONG,0.8393,0.7396,1.5789,0.016666666666666666,0.2415,24.15
2024-04-17,CPAY,LONG,0.8105,0.7371,1.5476,0.016666666666666666,-0.09983333333333334,-9.98
2024-04-17,WY,LONG,0.8284,0.7061,1.5345,0.016666666666666666,-0.10450000000000001,-10.45
2024-04-18,MPC,LONG,0.8586,0.7092,1.5678,0.016666666666666666,-0.13916666666666666,-13.92
2024-04-18,VLO,LONG,0.8515,0.6871,1.5386000000000002,0.016666666666666666,-0.05516666666666666,-5.52
2024-04-18,FDX,LONG,0.8399,0.6582,1.4981,0.016666666666666666,0.17883333333333334,17.88
2024-04-19,MPC,LONG,0.807,0.7075,1.5145,0.016666666666666666,0.15750000000000003,15.75
2024-04-19,VLO,LONG,0.7928,0.7141,1.5069,0.016666666666666666,0.20683333333333334,20.68
2024-04-19,FANG,LONG,0.7715,0.7109,1.4824,0.016666666666666666,0.15883333333333335,15.88
2024-04-22,DE,LONG,0.9359,0.6871,1.623,0.016666666666666666,-0.09516666666666666,-9.52
2024-04-22,MPC,LONG,0.8796,0.7209,1.6005,0.016666666666666666,0.0935,9.35
2024-04-22,CI,LONG,0.9257,0.6504,1.5760999999999998,0.016666666666666666,-0.0025,-0.25
2024-04-23,PEP,LONG,0.7003,0.7224,1.4227,0.016666666666666666,0.0075,0.75
2024-04-23,DE,LONG,0.768,0.6386,1.4066,0.016666666666666666,-0.09316666666666666,-9.32
2024-04-23,LMT,LONG,0.7225,0.6774,1.3999000000000001,0.016666666666666666,0.0495,4.95
2024-04-24,DE,LONG,0.7172,0.7172,1.4344,0.016666666666666666,-0.06583333333333334,-6.58
2024-04-24,ADM,LONG,0.6308,0.7445,1.3753000000000002,0.016666666666666666,-0.18316666666666667,-18.32
2024-04-24,KHC,LONG,0.6068,0.7503,1.3571,0.016666666666666666,0.0155,1.55
2024-04-25,KHC,LONG,0.6191,0.7083,1.3274,0.05,0.0135,1.35
2024-04-26,KHC,LONG,0.7204,0.7974,1.5178,0.05,0.0415,4.15
2024-04-29,KHC,LONG,0.7611,0.779,1.5401,0.016666666666666666,-0.32916666666666666,-32.92
2024-04-29,GNRC,LONG,0.7285,0.7478,1.4763000000000002,0.016666666666666666,-0.5944999999999999,-59.45
2024-04-29,SCHW,LONG,0.7659,0.6627,1.4285999999999999,0.016666666666666666,-0.037833333333333344,-3.78
2024-04-30,TSN,LONG,0.7705,0.7031,1.4735999999999998,0.016666666666666666,-0.0018333333333333335,-0.18
2024-04-30,GNRC,LONG,0.7492,0.723,1.4722,0.016666666666666666,-0.41983333333333334,-41.98
2024-04-30,KHC,LONG,0.6818,0.7894,1.4712,0.016666666666666666,-0.33316666666666667,-33.32
2024-05-10,PCG,LONG,0.6748,0.7094,1.3841999999999999,0.016666666666666666,0.04016666666666666,4.02
2024-05-10,VTR,LONG,0.7331,0.6403,1.3734,0.016666666666666666,0.05683333333333333,5.68
2024-05-10,O,LONG,0.6982,0.6685,1.3667,0.016666666666666666,0.028833333333333336,2.88
2024-05-13,PAYX,LONG,0.8246,0.8243,1.6489,0.016666666666666666,0.09883333333333334,9.88
2024-05-13,PCG,LONG,0.8287,0.8043,1.633,0.016666666666666666,0.17883333333333334,17.88
2024-05-13,XEL,LONG,0.8055,0.809,1.6145,0.016666666666666666,0.0395,3.95
2024-05-14,PCG,LONG,0.815,0.7686,1.5836,0.016666666666666666,0.21616666666666667,21.62
2024-05-14,O,LONG,0.8332,0.7425,1.5757,0.016666666666666666,0.0275,2.75
2024-05-14,VTR,LONG,0.8392,0.7212,1.5604,0.016666666666666666,0.1535,15.35
2024-05-15,KO,LONG,0.8578,0.7109,1.5687,0.016666666666666666,-0.007833333333333335,-0.78
2024-05-15,ETR,LONG,0.8044,0.7347,1.5391,0.016666666666666666,0.10283333333333333,10.28
2024-05-15,PCG,LONG,0.7368,0.7942,1.5310000000000001,0.016666666666666666,0.21816666666666665,21.82
2024-05-16,KDP,LONG,0.744,0.7146,1.4586000000000001,0.016666666666666666,-0.025833333333333333,-2.58
2024-05-16,ED,LONG,0.7242,0.7194,1.4436,0.016666666666666666,-0.02783333333333333,-2.78
2024-05-16,KO,LONG,0.7383,0.7012,1.4395,0.016666666666666666,-0.059833333333333336,-5.98
2024-05-17,FOX,LONG,0.6328,0.7449,1.3777,0.016666666666666666,0.028166666666666666,2.82
2024-05-17,WBD,LONG,0.6073,0.7358,1.3431,0.016666666666666666,-0.2758333333333333,-27.58
2024-05-17,NI,LONG,0.6009,0.7164,1.3173,0.016666666666666666,0.0135,1.35
2024-05-23,LNT,LONG,0.733,0.7418,1.4748,0.016666666666666666,-0.16983333333333334,-16.98
2024-05-23,KO,LONG,0.7147,0.7596,1.4743,0.016666666666666666,-0.12516666666666668,-12.52
2024-05-23,CMS,LONG,0.7532,0.7177,1.4708999999999999,0.016666666666666666,-0.06516666666666668,-6.52
2024-05-24,AWK,LONG,0.8618,0.8152,1.677,0.016666666666666666,-0.2331666666666667,-23.32
2024-05-24,MO,LONG,0.8986,0.7773,1.6759,0.016666666666666666,-0.07183333333333335,-7.18
2024-05-24,VTR,LONG,0.8778,0.7956,1.6734,0.016666666666666666,0.03083333333333333,3.08
2024-05-28,GLW,LONG,0.9573,0.7405,1.6978,0.016666666666666666,0.12416666666666668,12.42
2024-05-28,MO,LONG,0.9314,0.7543,1.6857,0.016666666666666666,-0.007833333333333335,-0.78
2024-05-28,WELL,LONG,0.934,0.7345,1.6685,0.016666666666666666,0.08416666666666667,8.42
2024-05-29,CHRW,LONG,0.9186,0.8178,1.7364,0.016666666666666666,0.026166666666666668,2.62
2024-05-29,APD,LONG,0.9236,0.7936,1.7172,0.016666666666666666,0.051500000000000004,5.15
2024-05-29,CB,LONG,0.9081,0.7804,1.6885,0.016666666666666666,0.20683333333333334,20.68
2024-05-30,APD,LONG,0.9282,0.7731,1.7013,0.016666666666666666,0.27216666666666667,27.22
2024-05-30,CHRW,LONG,0.858,0.8115,1.6695,0.016666666666666666,0.24683333333333335,24.68
2024-05-30,COST,LONG,0.9521,0.6727,1.6248,0.016666666666666666,0.07283333333333335,7.28
2024-05-31,APD,LONG,0.8618,0.8042,1.666,0.016666666666666666,0.25016666666666665,25.02
2024-05-31,NXPI,LONG,0.8812,0.7264,1.6076000000000001,0.016666666666666666,-0.1265,-12.65
2024-05-31,HWM,LONG,0.8734,0.7296,1.603,0.016666666666666666,-0.15383333333333335,-15.38
2024-06-03,TJX,LONG,0.7859,0.7277,1.5136,0.016666666666666666,0.30283333333333334,30.28
2024-06-03,V,LONG,0.7828,0.6737,1.4565000000000001,0.016666666666666666,0.0495,4.95
2024-06-03,APTV,LONG,0.7267,0.7136,1.4403000000000001,0.016666666666666666,-0.13449999999999998,-13.45
2024-06-04,AMD,LONG,0.7365,0.7539,1.4904000000000002,0.016666666666666666,0.13083333333333333,13.08
2024-06-04,TPR,LONG,0.7567,0.7047,1.4614,0.016666666666666666,-0.11050000000000001,-11.05
2024-06-04,SYK,LONG,0.7178,0.6918,1.4096,0.016666666666666666,0.20083333333333334,20.08
2024-06-05,TPR,LONG,0.7543,0.7556,1.5099,0.016666666666666666,0.10350000000000001,10.35
2024-06-05,CSX,LONG,0.7817,0.6411,1.4228,0.016666666666666666,-0.0045000000000000005,-0.45
2024-06-05,MOS,LONG,0.7725,0.6235,1.396,0.016666666666666666,-0.2838333333333334,-28.38
2024-06-06,CCI,LONG,0.7459,0.675,1.4209,0.016666666666666666,-0.16516666666666668,-16.52
2024-06-06,CMCSA,LONG,0.7037,0.7038,1.4075,0.016666666666666666,-0.059833333333333336,-5.98
2024-06-06,TPR,LONG,0.6672,0.7122,1.3794,0.016666666666666666,0.16016666666666668,16.02
2024-06-07,PPG,LONG,0.6496,0.6735,1.3231,0.016666666666666666,-0.05383333333333334,-5.38
2024-06-07,CMCSA,LONG,0.6019,0.6959,1.2978,0.016666666666666666,-0.1285,-12.85
2024-06-07,BEN,LONG,0.6259,0.6581,1.284,0.016666666666666666,-0.2185,-21.85
2024-06-10,CCI,LONG,0.6571,0.7122,1.3693,0.016666666666666666,-0.06316666666666666,-6.32
2024-06-10,MGM,LONG,0.6423,0.7087,1.351,0.016666666666666666,-0.036500000000000005,-3.65
2024-06-10,XEL,LONG,0.6935,0.6453,1.3388,0.016666666666666666,0.0028333333333333335,0.28
2024-06-11,MTCH,LONG,0.7116,0.7156,1.4272,0.016666666666666666,-0.051833333333333335,-5.18
2024-06-11,LUV,LONG,0.6632,0.7488,1.412,0.016666666666666666,-0.28983333333333333,-28.98
2024-06-11,MGM,LONG,0.6546,0.7385,1.3931,0.016666666666666666,-0.03983333333333333,-3.98
2024-06-12,TTWO,LONG,0.9012,0.6565,1.5577,0.016666666666666666,0.01816666666666667,1.82
2024-06-12,LUV,LONG,0.8429,0.6899,1.5328,0.016666666666666666,0.07816666666666666,7.82
2024-06-12,MTCH,LONG,0.7717,0.752,1.5237,0.016666666666666666,-0.03383333333333333,-3.38
2024-06-13,WMT,LONG,0.854,0.6811,1.5351,0.016666666666666666,0.11083333333333334,11.08
2024-06-13,TTWO,LONG,0.8072,0.6499,1.4571,0.016666666666666666,-0.09516666666666666,-9.52
2024-06-13,VRSK,LONG,0.8438,0.6081,1.4519,0.016666666666666666,0.11416666666666667,11.42
2024-06-14,VRSK,LONG,0.7795,0.6801,1.4596,0.016666666666666666,0.17616666666666667,17.62
2024-06-14,TTWO,LONG,0.7628,0.6792,1.4420000000000002,0.016666666666666666,-0.09983333333333334,-9.98
2024-06-14,SPGI,LONG,0.7472,0.659,1.4062000000000001,0.016666666666666666,-0.021166666666666667,-2.12
2024-06-17,VRTX,LONG,0.6748,0.6505,1.3253,0.016666666666666666,-0.12983333333333336,-12.98
2024-06-17,VRSK,LONG,0.654,0.6067,1.2607,0.016666666666666666,0.0935,9.35
2024-06-17,ROL,LONG,0.647,0.6021,1.2490999999999999,0.016666666666666666,0.11616666666666668,11.62
2024-06-21,SPG,LONG,0.6075,0.6136,1.2211,0.05,0.07350000000000001,7.35
2024-06-24,COST,LONG,0.675,0.6753,1.3503,0.016666666666666666,0.06683333333333333,6.68
2024-06-24,VRTX,LONG,0.6354,0.6828,1.3182,0.016666666666666666,0.07483333333333334,7.48
2024-06-24,ISRG,LONG,0.6229,0.665,1.2879,0.016666666666666666,0.1535,15.35
2024-06-26,CVS,LONG,0.6442,0.654,1.2982,0.016666666666666666,-0.1525,-15.25
2024-06-26,CAH,LONG,0.6001,0.644,1.2441,0.016666666666666666,-0.3111666666666667,-31.12
2024-06-26,COST,LONG,0.6126,0.6214,1.234,0.016666666666666666,-0.04383333333333334,-4.38
2024-06-27,WRB,LONG,0.6617,0.7338,1.3955,0.016666666666666666,-0.02516666666666667,-2.52
2024-06-27,CVS,LONG,0.6846,0.6642,1.3488,0.016666666666666666,-0.27316666666666667,-27.32
2024-06-27,CAH,LONG,0.6318,0.668,1.2998,0.016666666666666666,-0.18716666666666665,-18.72
2024-06-28,LLY,LONG,0.7111,0.6901,1.4012,0.016666666666666666,-0.017833333333333333,-1.78
2024-06-28,EA,LONG,0.6868,0.6769,1.3637,0.016666666666666666,-0.03116666666666667,-3.12
2024-06-28,WRB,LONG,0.6327,0.7178,1.3505,0.016666666666666666,-0.0145,-1.45
2024-07-09,NUE,LONG,0.6147,0.675,1.2897,0.05,0.28350000000000003,28.35
2024-07-11,F,LONG,0.6681,0.6899,1.358,0.016666666666666666,0.5361666666666668,53.62
2024-07-11,MGM,LONG,0.6647,0.6722,1.3369,0.016666666666666666,0.33949999999999997,33.95
2024-07-11,CMCSA,LONG,0.6141,0.6916,1.3056999999999999,0.016666666666666666,0.2681666666666667,26.82
2024-07-12,PLTR,LONG,0.6549,0.7269,1.3818000000000001,0.016666666666666666,0.24816666666666667,24.82
2024-07-12,INVH,LONG,0.6998,0.6406,1.3403999999999998,0.016666666666666666,0.07283333333333335,7.28
2024-07-12,SYY,LONG,0.6166,0.7165,1.3331,0.016666666666666666,0.12416666666666668,12.42
2024-07-15,AON,LONG,0.8416,0.6965,1.5381,0.016666666666666666,0.051500000000000004,5.15
2024-07-15,KR,LONG,0.8362,0.6752,1.5114,0.016666666666666666,0.2928333333333334,29.28
2024-07-15,MCK,LONG,0.8619,0.6461,1.508,0.016666666666666666,0.06216666666666666,6.22
2024-07-16,SYY,LONG,0.8451,0.7501,1.5952,0.016666666666666666,0.2375,23.75
2024-07-16,KR,LONG,0.8194,0.7641,1.5835,0.016666666666666666,0.3435,34.35
2024-07-16,MA,LONG,0.8998,0.6789,1.5787,0.016666666666666666,0.07016666666666667,7.02
2024-07-17,GIS,LONG,0.6458,0.6776,1.3234,0.016666666666666666,0.15616666666666668,15.62
2024-07-17,GILD,LONG,0.6444,0.6521,1.2965,0.016666666666666666,0.08483333333333334,8.48
2024-07-17,SLB,LONG,0.6707,0.6139,1.2846,0.016666666666666666,0.1295,12.95
2024-07-18,SLB,LONG,0.6245,0.6867,1.3112,0.016666666666666666,0.07283333333333335,7.28
2024-07-18,DIS,LONG,0.69,0.6163,1.3062999999999998,0.016666666666666666,-0.2185,-21.85
2024-07-18,COP,LONG,0.6274,0.661,1.2884,0.016666666666666666,-0.21650000000000005,-21.65
2024-07-19,BMY,LONG,0.6541,0.7376,1.3917000000000002,0.016666666666666666,0.09216666666666666,9.22
2024-07-19,SLB,LONG,0.6239,0.7097,1.3336000000000001,0.016666666666666666,0.044833333333333336,4.48
2024-07-19,VTRS,LONG,0.6232,0.7061,1.3293,0.016666666666666666,-0.15316666666666667,-15.32
2024-07-24,STLD,LONG,0.6,0.6386,1.2386,0.05,0.20616666666666666,20.62
2024-07-25,ADSK,LONG,0.8989,0.6655,1.5644,0.016666666666666666,0.08683333333333335,8.68
2024-07-25,CRWD,LONG,0.837,0.6192,1.4562,0.016666666666666666,0.016833333333333332,1.68
2024-07-25,PSX,LONG,0.6194,0.7498,1.3692,0.016666666666666666,0.10750000000000003,10.75
2024-07-26,OMC,LONG,0.6593,0.7525,1.4118,0.016666666666666666,0.3261666666666667,32.62
2024-07-26,HAS,LONG,0.6526,0.7424,1.395,0.016666666666666666,0.4321666666666667,43.22
2024-07-26,HST,LONG,0.7197,0.6319,1.3516,0.016666666666666666,0.23616666666666666,23.62
2024-07-29,MO,LONG,0.7489,0.6604,1.4093,0.016666666666666666,-0.1885,-18.85
2024-07-29,O,LONG,0.7306,0.6555,1.3860999999999999,0.016666666666666666,-0.07383333333333335,-7.38
2024-07-29,XEL,LONG,0.6809,0.7026,1.3835,0.016666666666666666,0.10616666666666667,10.62
2024-07-30,LNT,LONG,0.7738,0.6355,1.4093,0.016666666666666666,0.14483333333333334,14.48
2024-07-30,MO,LONG,0.7505,0.6352,1.3857,0.016666666666666666,-0.06783333333333333,-6.78
2024-07-30,GILD,LONG,0.6851,0.695,1.3801,0.016666666666666666,-0.10716666666666667,-10.72
2024-07-31,BXP,LONG,0.6881,0.671,1.3591000000000002,0.016666666666666666,-0.5238333333333333,-52.38
2024-07-31,FCX,LONG,0.7468,0.6021,1.3489,0.016666666666666666,-0.28650000000000003,-28.65
2024-07-31,USB,LONG,0.6164,0.7015,1.3178999999999998,0.016666666666666666,-0.4578333333333334,-45.78
2024-08-01,KO,LONG,0.7464,0.627,1.3734,0.016666666666666666,0.1355,13.55
2024-08-01,DIS,LONG,0.677,0.6212,1.2982,0.016666666666666666,-0.42116666666666663,-42.12
2024-08-01,TSN,LONG,0.6304,0.6462,1.2766,0.016666666666666666,0.17550000000000002,17.55
2024-08-02,RJF,LONG,0.8598,0.6731,1.5329000000000002,0.016666666666666666,-0.25716666666666665,-25.72
2024-08-02,MNST,LONG,0.7974,0.729,1.5264,0.016666666666666666,-0.07583333333333334,-7.58
2024-08-02,CSCO,LONG,0.8251,0.6761,1.5011999999999999,0.016666666666666666,-0.31450000000000006,-31.45
2024-08-05,DIS,LONG,0.7325,0.6501,1.3826,0.016666666666666666,-0.2691666666666667,-26.92
2024-08-05,EXE,LONG,0.7416,0.6355,1.3771,0.016666666666666666,-0.08516666666666667,-8.52
2024-08-05,DRI,LONG,0.6959,0.6688,1.3647,0.016666666666666666,-0.10116666666666667,-10.12
2024-08-06,SW,LONG,0.6932,0.6666,1.3598,0.016666666666666666,-0.12183333333333335,-12.18
2024-08-06,MET,LONG,0.6103,0.6457,1.256,0.016666666666666666,0.22083333333333335,22.08
2024-08-06,NI,LONG,0.6182,0.6353,1.2534999999999998,0.016666666666666666,0.10416666666666669,10.42
2024-08-07,AAPL,LONG,0.6778,0.6109,1.2887,0.016666666666666666,0.2895,28.95
2024-08-07,HBAN,LONG,0.6509,0.6104,1.2613,0.016666666666666666,0.09883333333333334,9.88
2024-08-07,J,LONG,0.6255,0.6319,1.2574,0.016666666666666666,0.13283333333333333,13.28
2024-08-08,TFC,LONG,0.6944,0.6371,1.3315000000000001,0.016666666666666666,0.10283333333333333,10.28
2024-08-08,FITB,LONG,0.6537,0.6384,1.2921,0.016666666666666666,-0.017833333333333333,-1.78
2024-08-08,KEY,LONG,0.6474,0.604,1.2513999999999998,0.016666666666666666,0.8268333333333334,82.68
2024-08-09,MA,LONG,0.7985,0.6284,1.4268999999999998,0.016666666666666666,0.05483333333333334,5.48
2024-08-09,MCO,LONG,0.7771,0.6475,1.4245999999999999,0.016666666666666666,0.0675,6.75
2024-08-09,INVH,LONG,0.6525,0.6242,1.2767,0.016666666666666666,-0.0345,-3.45
2024-08-12,PNC,LONG,0.8134,0.6322,1.4456,0.016666666666666666,-0.061166666666666675,-6.12
2024-08-12,KR,LONG,0.7311,0.6625,1.3936,0.016666666666666666,-0.15116666666666667,-15.12
2024-08-12,FOX,LONG,0.6984,0.6941,1.3925,0.016666666666666666,-0.04983333333333334,-4.98
2024-08-13,INTC,LONG,0.6746,0.7077,1.3822999999999999,0.016666666666666666,0.4575,45.75
2024-08-13,PM,LONG,0.7055,0.6426,1.3481,0.016666666666666666,0.10283333333333333,10.28
2024-08-13,PNW,LONG,0.6037,0.7421,1.3458,0.016666666666666666,0.0155,1.55
2024-08-14,FE,LONG,0.6509,0.6737,1.3246,0.016666666666666666,0.043500000000000004,4.35
2024-08-14,VTR,LONG,0.6903,0.6134,1.3037,0.016666666666666666,-0.09716666666666667,-9.72
2024-08-14,EVRG,LONG,0.6805,0.6106,1.2911000000000001,0.016666666666666666,-0.007166666666666667,-0.72
2024-08-15,ED,LONG,0.7577,0.7483,1.506,0.016666666666666666,-0.030500000000000006,-3.05
2024-08-15,MPC,LONG,0.8073,0.6865,1.4938,0.016666666666666666,-0.0058333333333333345,-0.58
2024-08-15,HOLX,LONG,0.7736,0.7121,1.4857,0.016666666666666666,0.028833333333333336,2.88
2024-08-16,AMCR,LONG,0.8138,0.8161,1.6299000000000001,0.016666666666666666,-0.037166666666666674,-3.72
2024-08-16,VLTO,LONG,0.8048,0.8042,1.609,0.016666666666666666,0.025500000000000002,2.55
2024-08-16,PPL,LONG,0.8203,0.7865,1.6068,0.016666666666666666,0.10683333333333334,10.68
2024-08-19,AMCR,LONG,0.7599,0.7725,1.5324,0.016666666666666666,0.3055,30.55
2024-08-19,TAP,LONG,0.7629,0.7637,1.5266000000000002,0.016666666666666666,-0.04516666666666667,-4.52
2024-08-19,KDP,LONG,0.7503,0.7763,1.5266,0.016666666666666666,0.016166666666666666,1.62
2024-08-20,WRB,LONG,0.7674,0.6987,1.4661,0.016666666666666666,0.06683333333333333,6.68
2024-08-20,PSX,LONG,0.6609,0.8042,1.4651,0.016666666666666666,-0.2431666666666667,-24.32
2024-08-20,XOM,LONG,0.6305,0.8077,1.4382,0.016666666666666666,-0.2145,-21.45
2024-08-21,CNC,LONG,0.6355,0.7775,1.4129999999999998,0.016666666666666666,0.03283333333333333,3.28
2024-08-21,LYB,LONG,0.6643,0.7232,1.3875,0.016666666666666666,0.11883333333333333,11.88
2024-08-21,DRI,LONG,0.6091,0.7708,1.3799000000000001,0.016666666666666666,-0.04716666666666666,-4.72
2024-08-22,KDP,LONG,0.7202,0.6852,1.4054,0.016666666666666666,0.12150000000000001,12.15
2024-08-22,PCG,LONG,0.6247,0.7192,1.3439,0.016666666666666666,0.12816666666666665,12.82
2024-08-22,D,LONG,0.6283,0.7091,1.3374,0.016666666666666666,0.012833333333333334,1.28
2024-08-23,CPB,LONG,0.6142,0.6879,1.3020999999999998,0.016666666666666666,-0.1005,-10.05
2024-08-23,TSCO,LONG,0.6317,0.6678,1.2995,0.016666666666666666,0.22016666666666665,22.02
2024-08-23,UDR,LONG,0.6465,0.6438,1.2903,0.016666666666666666,0.16883333333333334,16.88
2024-08-26,TSCO,LONG,0.6733,0.742,1.4153,0.016666666666666666,0.12816666666666665,12.82
2024-08-26,UDR,LONG,0.7626,0.6403,1.4028999999999998,0.016666666666666666,0.13683333333333333,13.68
2024-08-26,DOW,LONG,0.6704,0.7296,1.4,0.016666666666666666,-0.003166666666666667,-0.32
2024-08-27,WMB,LONG,0.7428,0.7108,1.4536,0.016666666666666666,-0.0005,-0.05
2024-08-27,DOW,LONG,0.6803,0.7688,1.4491,0.016666666666666666,-0.021166666666666667,-2.12
2024-08-27,TRMB,LONG,0.7315,0.6686,1.4001000000000001,0.016666666666666666,-0.0425,-4.25
2024-08-28,MCK,SHORT,0.1765,0.1916,1.6319,0.016666666666666666,-0.13449999999999998,-13.45
2024-08-28,DOW,LONG,0.7244,0.7165,1.4409,0.016666666666666666,0.0635,6.35
2024-08-28,MOS,LONG,0.6619,0.7542,1.4161000000000001,0.016666666666666666,-0.07450000000000001,-7.45
2024-08-29,EMR,LONG,0.7741,0.6273,1.4014,0.016666666666666666,-0.12183333333333335,-12.18
2024-08-29,PCG,LONG,0.654,0.7109,1.3649,0.016666666666666666,0.35883333333333334,35.88
2024-08-29,IR,LONG,0.715,0.6401,1.3551,0.016666666666666666,-0.0805,-8.05
2024-08-30,PCG,LONG,0.6463,0.7587,1.405,0.016666666666666666,0.28150000000000003,28.15
2024-08-30,HSIC,LONG,0.6788,0.7171,1.3959,0.016666666666666666,-0.12916666666666665,-12.92
2024-08-30,CTVA,LONG,0.7453,0.6412,1.3864999999999998,0.016666666666666666,-0.1565,-15.65
2024-09-03,HSIC,LONG,0.7053,0.6978,1.4031,0.016666666666666666,-0.06583333333333334,-6.58
2024-09-03,PCG,LONG,0.6194,0.7199,1.3393,0.016666666666666666,0.3041666666666667,30.42
2024-09-03,DOW,LONG,0.6361,0.6925,1.3286,0.016666666666666666,-0.2831666666666667,-28.32
2024-09-04,CF,LONG,0.7112,0.7528,1.464,0.016666666666666666,-0.04716666666666666,-4.72
2024-09-04,VLTO,LONG,0.7396,0.6901,1.4297,0.016666666666666666,-0.09383333333333332,-9.38
2024-09-04,RTX,LONG,0.6873,0.7374,1.4247,0.016666666666666666,-0.14116666666666666,-14.12
2024-09-05,KDP,LONG,0.6611,0.8311,1.4922,0.016666666666666666,0.006833333333333334,0.68
2024-09-05,PPL,LONG,0.6403,0.8031,1.4434,0.016666666666666666,0.04683333333333333,4.68
2024-09-05,CAH,LONG,0.6533,0.7419,1.3952,0.016666666666666666,-0.06516666666666668,-6.52
2024-09-06,TAP,LONG,0.6465,0.6812,1.3277,0.016666666666666666,-0.12716666666666668,-12.72
2024-09-06,EXC,LONG,0.6265,0.6865,1.313,0.016666666666666666,0.10883333333333332,10.88
2024-09-06,CVS,LONG,0.6256,0.6403,1.2659,0.016666666666666666,-0.1305,-13.05
2024-09-09,HRL,LONG,0.6794,0.646,1.3254000000000001,0.016666666666666666,-0.2525,-25.25
2024-09-09,AES,LONG,0.6302,0.6407,1.2709000000000001,0.016666666666666666,0.6875000000000001,68.75
2024-09-09,CPRT,LONG,0.6283,0.6337,1.262,0.016666666666666666,-0.011166666666666668,-1.12
2024-09-10,FE,LONG,0.6502,0.7095,1.3597000000000001,0.016666666666666666,-0.06316666666666666,-6.32
2024-09-10,KHC,LONG,0.6247,0.7155,1.3402,0.016666666666666666,-0.15783333333333333,-15.78
2024-09-10,BALL,LONG,0.6049,0.7228,1.3277,0.016666666666666666,0.13816666666666666,13.82
2024-09-11,EXC,LONG,0.6428,0.7611,1.4039000000000001,0.016666666666666666,0.20083333333333334,20.08
2024-09-11,BALL,LONG,0.6185,0.7327,1.3512,0.016666666666666666,0.14483333333333334,14.48
2024-09-11,FE,LONG,0.6828,0.6091,1.2919,0.016666666666666666,0.029500000000000005,2.95
2024-09-12,LMT,LONG,0.6165,0.8109,1.4274,0.05,0.0695,6.95
2024-09-13,MDLZ,LONG,0.6622,0.8168,1.479,0.016666666666666666,0.06416666666666668,6.42
2024-09-13,FE,LONG,0.6996,0.778,1.4776,0.016666666666666666,-0.0565,-5.65
2024-09-13,KDP,LONG,0.6272,0.8344,1.4616,0.016666666666666666,0.08016666666666666,8.02
2024-09-16,BSX,LONG,0.6933,0.8428,1.5361,0.016666666666666666,-0.059833333333333336,-5.98
2024-09-16,T,LONG,0.7333,0.7981,1.5314,0.016666666666666666,0.0275,2.75
2024-09-16,XEL,LONG,0.71,0.7567,1.4667,0.016666666666666666,0.05350000000000001,5.35
2024-09-17,BSX,LONG,0.7279,0.8009,1.5288,0.016666666666666666,0.0155,1.55
2024-09-17,KIM,LONG,0.7121,0.7422,1.4543,0.016666666666666666,-0.22783333333333333,-22.78
2024-09-17,EBAY,LONG,0.7171,0.7336,1.4506999999999999,0.016666666666666666,-0.11850000000000001,-11.85
2024-09-18,BSX,LONG,0.7805,0.6977,1.4782,0.016666666666666666,0.11283333333333334,11.28
2024-09-18,MCD,LONG,0.804,0.6729,1.4769,0.016666666666666666,0.0695,6.95
2024-09-18,PSA,LONG,0.8524,0.6214,1.4738,0.016666666666666666,0.07683333333333334,7.68
2024-09-19,SYK,LONG,0.6999,0.7139,1.4138,0.016666666666666666,0.09483333333333334,9.48
2024-09-19,PSA,LONG,0.7236,0.6577,1.3813,0.016666666666666666,0.07883333333333332,7.88
2024-09-19,OXY,LONG,0.63,0.734,1.3639999999999999,0.016666666666666666,0.06283333333333334,6.28
2024-09-20,PSA,LONG,0.654,0.6021,1.2561,0.025,0.06216666666666666,6.22
2024-09-20,SYK,LONG,0.6012,0.6223,1.2235,0.025,-0.07450000000000001,-7.45
2024-09-25,OTIS,LONG,0.6329,0.6568,1.2897,0.05,0.37016666666666664,37.02
2024-09-26,PGR,LONG,0.7474,0.6112,1.3586,0.016666666666666666,-0.0845,-8.45
2024-09-26,DE,LONG,0.7102,0.6122,1.3224,0.016666666666666666,0.19416666666666668,19.42
2024-09-26,WMB,LONG,0.6793,0.6259,1.3052000000000001,0.016666666666666666,0.021500000000000002,2.15
2024-09-27,CSCO,LONG,0.7862,0.6792,1.4654,0.016666666666666666,-0.0145,-1.45
2024-09-27,PGR,LONG,0.7582,0.6798,1.438,0.016666666666666666,0.0495,4.95
2024-09-27,ROL,LONG,0.6662,0.7542,1.4203999999999999,0.016666666666666666,0.060833333333333336,6.08
2024-09-30,CSCO,LONG,0.8175,0.7203,1.5378,0.016666666666666666,-0.0005,-0.05
2024-09-30,GLW,LONG,0.7979,0.6744,1.4723000000000002,0.016666666666666666,0.0055,0.55
2024-09-30,PSA,LONG,0.7647,0.6728,1.4375,0.016666666666666666,-0.025833333333333333,-2.58
2024-10-01,DD,LONG,0.7837,0.7415,1.5252,0.016666666666666666,-0.14783333333333332,-14.78
2024-10-01,MNST,LONG,0.8117,0.6577,1.4693999999999998,0.016666666666666666,-0.2385,-23.85
2024-10-01,TSCO,LONG,0.7444,0.7047,1.4491,0.016666666666666666,0.020833333333333336,2.08
2024-10-02,TSCO,LONG,0.7517,0.7674,1.5191,0.016666666666666666,-0.0045000000000000005,-0.45
2024-10-02,GLW,LONG,0.7772,0.7395,1.5167000000000002,0.016666666666666666,0.050166666666666665,5.02
2024-10-02,DD,LONG,0.7718,0.7425,1.5143,0.016666666666666666,-0.029166666666666667,-2.92
2024-10-03,TRMB,LONG,0.6385,0.6357,1.2742,0.025,-0.10383333333333333,-10.38
2024-10-03,AES,LONG,0.6151,0.6558,1.2709000000000001,0.025,-0.4091666666666667,-40.92
2024-10-08,FTV,LONG,0.719,0.8077,1.5267,0.016666666666666666,0.08016666666666666,8.02
2024-10-08,GLW,LONG,0.7304,0.7758,1.5062000000000002,0.016666666666666666,0.2881666666666667,28.82
2024-10-08,AME,LONG,0.7761,0.6857,1.4618,0.016666666666666666,0.09416666666666666,9.42
2024-10-09,INVH,LONG,0.7777,0.7179,1.4956,0.016666666666666666,0.11216666666666666,11.22
2024-10-09,VZ,LONG,0.703,0.7846,1.4876,0.016666666666666666,-0.051833333333333335,-5.18
2024-10-09,EXC,LONG,0.7248,0.7378,1.4626000000000001,0.016666666666666666,0.021500000000000002,2.15
2024-10-10,MO,LONG,0.6184,0.6916,1.31,0.016666666666666666,-0.04983333333333334,-4.98
2024-10-10,DVN,LONG,0.6456,0.662,1.3075999999999999,0.016666666666666666,0.14416666666666667,14.42
2024-10-10,SYY,LONG,0.6165,0.6585,1.275,0.016666666666666666,0.05416666666666666,5.42
2024-10-11,PODD,LONG,0.634,0.6158,1.2498,0.025,-0.03316666666666667,-3.32
2024-10-11,BAX,LONG,0.6056,0.6223,1.2279,0.025,-0.06916666666666667,-6.92
2024-10-14,IT,LONG,0.6055,0.6322,1.2377,0.05,0.1255,12.55
2024-10-15,NOW,LONG,0.7253,0.6059,1.3312,0.016666666666666666,-0.19516666666666668,-19.52
2024-10-15,DVN,LONG,0.7127,0.6137,1.3264,0.016666666666666666,-0.3565,-35.65
2024-10-15,PODD,LONG,0.6477,0.6314,1.2791000000000001,0.016666666666666666,-0.09716666666666667,-9.72
2024-10-16,EXE,LONG,0.6421,0.6883,1.3304,0.016666666666666666,0.06683333333333333,6.68
2024-10-16,ANET,LONG,0.6406,0.6631,1.3037,0.016666666666666666,0.16416666666666668,16.42
2024-10-16,ETN,LONG,0.6555,0.6407,1.2962,0.016666666666666666,0.1995,19.95
2024-10-23,PCAR,LONG,0.7114,0.718,1.4294,0.016666666666666666,0.07016666666666667,7.02
2024-10-23,ETN,LONG,0.6661,0.721,1.3871,0.016666666666666666,0.0175,1.75
2024-10-23,OTIS,LONG,0.6786,0.6885,1.3671,0.016666666666666666,-0.11050000000000001,-11.05
2024-10-24,PFE,LONG,0.626,0.7043,1.3303,0.016666666666666666,-0.0005,-0.05
2024-10-24,CPB,LONG,0.6808,0.6275,1.3083,0.016666666666666666,0.09483333333333334,9.48
2024-10-24,ARE,LONG,0.621,0.6432,1.2642,0.016666666666666666,-0.3998333333333334,-39.98
2024-10-25,ARE,LONG,0.6449,0.6124,1.2573,0.05,-0.2698333333333333,-26.98
2024-10-28,ROL,LONG,0.6448,0.692,1.3368,0.025,0.03816666666666667,3.82
2024-10-28,KDP,LONG,0.6171,0.6571,1.2742,0.025,-0.3071666666666667,-30.72
2024-10-29,TSCO,LONG,0.6512,0.6613,1.3125,0.016666666666666666,-0.11116666666666668,-11.12
2024-10-29,TER,LONG,0.6212,0.6626,1.2837999999999998,0.016666666666666666,-0.3071666666666667,-30.72
2024-10-29,DOW,LONG,0.6077,0.6616,1.2692999999999999,0.016666666666666666,-0.09783333333333334,-9.78
2024-10-31,APP,LONG,0.6772,0.6686,1.3458,0.025,-0.48783333333333334,-48.78
2024-10-31,CVNA,LONG,0.6207,0.6179,1.2386,0.025,0.6028333333333334,60.28
2024-11-01,HOOD,LONG,0.6245,0.6135,1.238,0.05,0.4168333333333334,41.68
2024-11-04,APO,LONG,0.6129,0.6146,1.2275,0.05,1.0715,107.15
2024-11-05,APD,LONG,0.6398,0.6615,1.3013,0.05,0.1461666666666667,14.62
2024-11-06,SNPS,LONG,0.6404,0.7263,1.3666999999999998,0.05,0.5048333333333335,50.48
2024-11-07,TSN,LONG,0.6476,0.6884,1.3359999999999999,0.016666666666666666,-0.03983333333333333,-3.98
2024-11-07,MRNA,LONG,0.6912,0.6215,1.3127,0.016666666666666666,-1.1664999999999999,-116.65
2024-11-07,ADM,LONG,0.6296,0.6824,1.312,0.016666666666666666,-0.11316666666666667,-11.32
2024-11-08,ADM,LONG,0.764,0.6506,1.4146,0.016666666666666666,-0.13516666666666666,-13.52
2024-11-08,TSN,LONG,0.667,0.7238,1.3908,0.016666666666666666,0.44816666666666666,44.82
2024-11-08,HRL,LONG,0.7162,0.6695,1.3857,0.016666666666666666,0.026166666666666668,2.62
2024-11-11,CTVA,LONG,0.7789,0.652,1.4309,0.016666666666666666,-0.07716666666666668,-7.72
2024-11-11,CSCO,LONG,0.6733,0.7153,1.3886,0.016666666666666666,0.12816666666666665,12.82
2024-11-11,CMCSA,LONG,0.6902,0.6896,1.3798,0.016666666666666666,-0.0005,-0.05
2024-11-12,CSCO,LONG,0.7498,0.6822,1.432,0.016666666666666666,-0.08116666666666666,-8.12
2024-11-12,CTVA,LONG,0.7298,0.6436,1.3734,0.016666666666666666,-0.12716666666666668,-12.72
2024-11-12,CMCSA,LONG,0.6945,0.6588,1.3533,0.016666666666666666,-0.10916666666666666,-10.92
2024-11-13,LYB,LONG,0.6072,0.6677,1.2749,0.025,-0.0765,-7.65
2024-11-13,ABNB,LONG,0.6308,0.6152,1.246,0.025,-0.035833333333333335,-3.58
2024-11-14,GPC,LONG,0.657,0.7767,1.4337,0.016666666666666666,0.02683333333333333,2.68
2024-11-14,SYY,LONG,0.7114,0.7222,1.4336,0.016666666666666666,-0.0785,-7.85
2024-11-14,WRB,LONG,0.6095,0.811,1.4205,0.016666666666666666,0.06483333333333334,6.48
2024-11-20,CSCO,LONG,0.7179,0.671,1.3889,0.016666666666666666,0.17950000000000002,17.95
2024-11-20,GM,LONG,0.6581,0.6896,1.3477000000000001,0.016666666666666666,0.41350000000000003,41.35
2024-11-20,NVDA,LONG,0.6416,0.7015,1.3431,0.016666666666666666,-0.22983333333333333,-22.98
2024-11-21,PEP,LONG,0.7945,0.6767,1.4712,0.016666666666666666,0.18083333333333335,18.08
2024-11-21,MDT,LONG,0.8008,0.6678,1.4686,0.016666666666666666,0.1295,12.95
2024-11-21,ORLY,LONG,0.7749,0.6844,1.4593,0.016666666666666666,0.2795,27.95
2024-11-22,RTX,LONG,0.8633,0.65,1.5133,0.016666666666666666,0.0041666666666666675,0.42
2024-11-22,LULU,LONG,0.6987,0.7098,1.4085,0.016666666666666666,0.0775,7.75
2024-11-22,CSGP,LONG,0.7252,0.6629,1.3881000000000001,0.016666666666666666,0.2521666666666667,25.22
2024-11-25,FE,LONG,0.7318,0.7804,1.5122,0.016666666666666666,0.13216666666666668,13.22
2024-11-25,PCG,LONG,0.7449,0.7426,1.4875,0.016666666666666666,0.08083333333333333,8.08
2024-11-25,SRE,LONG,0.7899,0.6667,1.4566,0.016666666666666666,0.00016666666666666674,0.02
2024-11-26,EQR,LONG,0.6101,0.6702,1.2803,0.016666666666666666,0.021500000000000002,2.15
2024-11-26,LW,LONG,0.628,0.6523,1.2803,0.016666666666666666,0.0395,3.95
2024-11-26,TXT,LONG,0.6589,0.6123,1.2711999999999999,0.016666666666666666,-0.009833333333333336,-0.98
2024-11-27,EQR,LONG,0.7272,0.6428,1.37,0.016666666666666666,-0.16116666666666668,-16.12
2024-11-27,LULU,LONG,0.6933,0.672,1.3653,0.016666666666666666,0.3248333333333333,32.48
2024-11-27,SYY,LONG,0.6853,0.6646,1.3498999999999999,0.016666666666666666,-0.011166666666666668,-1.12
2024-11-29,MO,LONG,0.713,0.7233,1.4363000000000001,0.016666666666666666,-0.08716666666666668,-8.72
2024-11-29,XEL,LONG,0.7171,0.6721,1.3892,0.016666666666666666,-0.17583333333333334,-17.58
2024-11-29,KVUE,LONG,0.7176,0.6398,1.3574000000000002,0.016666666666666666,-0.17983333333333335,-17.98
2024-12-02,XEL,LONG,0.8218,0.6671,1.4889000000000001,0.016666666666666666,-0.16983333333333334,-16.98
2024-12-02,MO,LONG,0.7392,0.7335,1.4727000000000001,0.016666666666666666,-0.14916666666666667,-14.92
2024-12-02,EVRG,LONG,0.8061,0.606,1.4121000000000001,0.016666666666666666,-0.13783333333333334,-13.78
2024-12-03,SYY,LONG,0.6921,0.7074,1.3995000000000002,0.016666666666666666,0.4801666666666667,48.02
2024-12-03,NDAQ,LONG,0.7132,0.6596,1.3727999999999998,0.016666666666666666,-0.03183333333333333,-3.18
2024-12-03,EQT,LONG,0.7322,0.631,1.3632,0.016666666666666666,-0.0125,-1.25
2024-12-04,SYY,LONG,0.7284,0.6699,1.3983,0.016666666666666666,0.10350000000000001,10.35
2024-12-04,ROL,LONG,0.7443,0.6373,1.3816,0.016666666666666666,-0.0325,-3.25
2024-12-04,VRSK,LONG,0.7001,0.6814,1.3815,0.016666666666666666,-0.0465,-4.65
2024-12-05,GPN,LONG,0.7081,0.7585,1.4666,0.016666666666666666,-0.0038333333333333336,-0.38
2024-12-05,ROL,LONG,0.6965,0.7118,1.4083,0.016666666666666666,-0.13183333333333333,-13.18
2024-12-05,TJX,LONG,0.7165,0.6916,1.4081000000000001,0.016666666666666666,0.020833333333333336,2.08
2024-12-11,CAG,LONG,0.6257,0.6968,1.3225,0.016666666666666666,0.0855,8.55
2024-12-11,HST,LONG,0.6451,0.6547,1.2997999999999998,0.016666666666666666,-0.1718333333333333,-17.18
2024-12-11,SYY,LONG,0.6281,0.6695,1.2976,0.016666666666666666,-0.07116666666666667,-7.12
2024-12-12,CLX,LONG,0.7473,0.7554,1.5027,0.016666666666666666,-0.0105,-1.05
2024-12-12,TJX,LONG,0.7409,0.7297,1.4706000000000001,0.016666666666666666,-0.16316666666666665,-16.32
2024-12-12,MO,LONG,0.6884,0.7357,1.4241000000000001,0.016666666666666666,0.0008333333333333335,0.08
2024-12-13,TJX,LONG,0.7214,0.6726,1.3940000000000001,0.016666666666666666,-0.17783333333333334,-17.78
2024-12-13,CLX,LONG,0.7293,0.656,1.3853,0.016666666666666666,-0.054500000000000014,-5.45
2024-12-13,NTAP,LONG,0.755,0.6213,1.3763,0.016666666666666666,-0.05583333333333334,-5.58
2024-12-16,NOW,LONG,0.8547,0.6524,1.5070999999999999,0.016666666666666666,-0.35783333333333334,-35.78
2024-12-16,TSLA,LONG,0.8149,0.6609,1.4758,0.016666666666666666,0.058833333333333335,5.88
2024-12-16,SCHW,LONG,0.7901,0.6532,1.4433,0.016666666666666666,-0.46716666666666673,-46.72
2024-12-17,MCK,LONG,0.7648,0.666,1.4308,0.016666666666666666,0.10683333333333334,10.68
2024-12-17,PKG,LONG,0.7115,0.6929,1.4043999999999999,0.016666666666666666,-0.27116666666666667,-27.12
2024-12-17,SYY,LONG,0.7655,0.6378,1.4033,0.016666666666666666,-0.22783333333333333,-22.78
2024-12-18,COST,LONG,0.8023,0.684,1.4863,0.016666666666666666,-0.1905,-19.05
2024-12-18,NOW,LONG,0.7786,0.6662,1.4447999999999999,0.016666666666666666,-0.14116666666666666,-14.12
2024-12-18,EPAM,LONG,0.7167,0.7231,1.4398,0.016666666666666666,0.008833333333333335,0.88
2024-12-19,TSLA,LONG,0.6971,0.6496,1.3467,0.016666666666666666,-0.14516666666666667,-14.52
2024-12-19,APP,LONG,0.7114,0.6322,1.3436,0.016666666666666666,0.6755000000000001,67.55
2024-12-19,AXON,LONG,0.6526,0.6581,1.3107,0.016666666666666666,0.15416666666666667,15.42
2024-12-24,TKO,LONG,0.6704,0.7082,1.3786,0.025,0.10616666666666667,10.62
2024-12-24,AAPL,LONG,0.6356,0.6283,1.2639,0.025,0.008166666666666666,0.82
2024-12-31,AAPL,LONG,0.7429,0.6814,1.4243000000000001,0.025,-0.23450000000000001,-23.45
2024-12-31,OXY,LONG,0.6491,0.7094,1.3585,0.025,0.28150000000000003,28.15
2025-01-02,AAPL,LONG,0.8091,0.7479,1.557,0.016666666666666666,-0.14450000000000002,-14.45
2025-01-02,DECK,LONG,0.7147,0.7089,1.4236,0.016666666666666666,0.17616666666666667,17.62
2025-01-02,GDDY,LONG,0.6632,0.7249,1.3881000000000001,0.016666666666666666,0.06616666666666667,6.62
2025-01-03,AAPL,LONG,0.8422,0.6707,1.5129,0.016666666666666666,-0.04516666666666667,-4.52
2025-01-03,DECK,LONG,0.7844,0.6827,1.4670999999999998,0.016666666666666666,0.0175,1.75
2025-01-03,UDR,LONG,0.7372,0.7205,1.4577,0.016666666666666666,-0.2291666666666667,-22.92
2025-01-06,UDR,LONG,0.6122,0.6492,1.2614,0.016666666666666666,-0.28850000000000003,-28.85
2025-01-06,CMS,LONG,0.6284,0.624,1.2524,0.016666666666666666,-0.03183333333333333,-3.18
2025-01-06,SO,LONG,0.619,0.6275,1.2465,0.016666666666666666,0.05616666666666667,5.62
2025-01-07,BRO,LONG,0.834,0.6073,1.4413,0.016666666666666666,0.0675,6.75
2025-01-07,MDT,LONG,0.7385,0.7001,1.4386,0.016666666666666666,0.06816666666666667,6.82
2025-01-07,OMC,LONG,0.7619,0.6715,1.4334,0.016666666666666666,-0.23783333333333334,-23.78
2025-01-08,DUK,LONG,0.8259,0.6929,1.5188,0.016666666666666666,-0.0425,-4.25
2025-01-08,AEP,LONG,0.802,0.6974,1.4994,0.016666666666666666,0.2995,29.95
2025-01-08,SO,LONG,0.7908,0.7007,1.4914999999999998,0.016666666666666666,0.0635,6.35
2025-01-10,DUK,LONG,0.829,0.6582,1.4872,0.016666666666666666,-0.08583333333333334,-8.58
2025-01-10,AEP,LONG,0.8171,0.6518,1.4689,0.016666666666666666,0.16150000000000003,16.15
2025-01-10,NEE,LONG,0.7814,0.6737,1.4550999999999998,0.016666666666666666,-0.2531666666666667,-25.32
2025-01-13,ED,LONG,0.7987,0.7498,1.5485,0.016666666666666666,0.15683333333333332,15.68
2025-01-13,CL,LONG,0.7574,0.7553,1.5127,0.016666666666666666,0.11549999999999999,11.55
2025-01-13,TXT,LONG,0.8147,0.6586,1.4733,0.016666666666666666,0.25616666666666665,25.62
2025-01-14,GLW,LONG,0.6491,0.609,1.2581,0.025,0.38016666666666665,38.02
2025-01-14,META,LONG,0.6015,0.6405,1.242,0.025,0.03216666666666667,3.22
2025-01-16,TSLA,LONG,0.7456,0.6678,1.4134,0.016666666666666666,-0.06516666666666668,-6.52
2025-01-16,EBAY,LONG,0.6577,0.7291,1.3868,0.016666666666666666,-0.04983333333333334,-4.98
2025-01-16,BA,LONG,0.6865,0.6809,1.3674,0.016666666666666666,0.3748333333333333,37.48
2025-01-17,ADM,LONG,0.7426,0.6868,1.4294,0.016666666666666666,-0.0645,-6.45
2025-01-17,KO,LONG,0.7138,0.659,1.3728,0.016666666666666666,-0.051166666666666666,-5.12
2025-01-17,FIS,LONG,0.7208,0.6034,1.3242,0.016666666666666666,-0.0165,-1.65
2025-01-21,FIS,LONG,0.8107,0.6173,1.428,0.016666666666666666,0.04283333333333334,4.28
2025-01-21,NKE,LONG,0.7325,0.6785,1.411,0.016666666666666666,0.32416666666666666,32.42
2025-01-21,ADM,LONG,0.6674,0.7046,1.3719999999999999,0.016666666666666666,-0.0825,-8.25
2025-01-22,ADM,LONG,0.6327,0.7185,1.3512,0.016666666666666666,-0.09316666666666666,-9.32
2025-01-22,MRK,LONG,0.6014,0.6878,1.2892000000000001,0.016666666666666666,-0.0485,-4.85
2025-01-22,HST,LONG,0.6322,0.6507,1.2829,0.016666666666666666,-0.10516666666666669,-10.52
2025-01-28,FIS,LONG,0.817,0.6026,1.4196,0.016666666666666666,0.0795,7.95
2025-01-28,KDP,LONG,0.6932,0.684,1.3772000000000002,0.016666666666666666,0.0855,8.55
2025-01-28,BBY,LONG,0.6697,0.6495,1.3192,0.016666666666666666,0.12616666666666668,12.62
2025-01-29,FIS,LONG,0.7156,0.6226,1.3382,0.016666666666666666,0.0915,9.15
2025-01-29,KHC,LONG,0.6595,0.6667,1.3262,0.016666666666666666,0.0555,5.55
2025-01-29,ICE,LONG,0.669,0.6031,1.2721,0.016666666666666666,0.04083333333333333,4.08
2025-01-30,CAG,LONG,0.7387,0.7172,1.4559,0.016666666666666666,-0.11383333333333334,-11.38
2025-01-30,KHC,LONG,0.7335,0.6603,1.3938000000000001,0.016666666666666666,-0.08583333333333334,-8.58
2025-01-30,VZ,LONG,0.7255,0.603,1.3285,0.016666666666666666,-0.04983333333333334,-4.98
2025-01-31,KHC,LONG,0.7136,0.711,1.4245999999999999,0.016666666666666666,-0.34650000000000003,-34.65
2025-01-31,PSKY,LONG,0.6358,0.7214,1.3572000000000002,0.016666666666666666,-0.037166666666666674,-3.72
2025-01-31,AES,LONG,0.6963,0.6528,1.3491,0.016666666666666666,-0.2911666666666667,-29.12
2025-02-03,ABT,LONG,0.7259,0.6584,1.3843,0.016666666666666666,0.21483333333333335,21.48
2025-02-03,MMM,LONG,0.652,0.7105,1.3625,0.016666666666666666,0.010166666666666668,1.02
2025-02-03,BMY,LONG,0.6699,0.6877,1.3576000000000001,0.016666666666666666,0.0855,8.55
2025-02-04,MMM,LONG,0.7278,0.7143,1.4421,0.016666666666666666,0.10083333333333333,10.08
2025-02-04,GEHC,LONG,0.7438,0.6443,1.3881000000000001,0.016666666666666666,0.07883333333333332,7.88
2025-02-04,ABT,LONG,0.7321,0.6515,1.3836,0.016666666666666666,-0.0125,-1.25
2025-02-06,AEP,LONG,0.6024,0.6858,1.2882,0.05,0.1595,15.95
2025-02-07,CSCO,LONG,0.7943,0.6029,1.3972,0.016666666666666666,0.016833333333333332,1.68
2025-02-07,AEP,LONG,0.6569,0.6793,1.3362,0.016666666666666666,0.17683333333333334,17.68
2025-02-07,BKR,LONG,0.6559,0.6793,1.3352,0.016666666666666666,0.050833333333333335,5.08
2025-02-10,DTE,LONG,0.81,0.7761,1.5861,0.016666666666666666,0.08016666666666666,8.02
2025-02-10,LRCX,LONG,0.7806,0.7725,1.5531,0.016666666666666666,-0.06183333333333334,-6.18
2025-02-10,ES,LONG,0.8045,0.7385,1.5430000000000001,0.016666666666666666,0.03283333333333333,3.28
2025-02-11,O,LONG,0.9214,0.6384,1.5598,0.016666666666666666,0.11816666666666667,11.82
2025-02-11,D,LONG,0.8806,0.6548,1.5354,0.016666666666666666,0.16816666666666666,16.82
2025-02-11,WMB,LONG,0.8357,0.686,1.5217,0.016666666666666666,0.15283333333333335,15.28
2025-02-12,PEG,LONG,0.8414,0.7016,1.5430000000000001,0.016666666666666666,-0.0058333333333333345,-0.58
2025-02-12,WFC,LONG,0.8791,0.6564,1.5354999999999999,0.016666666666666666,0.028166666666666666,2.82
2025-02-12,WMB,LONG,0.8506,0.6841,1.5347,0.016666666666666666,0.20950000000000002,20.95
2025-02-13,PEG,LONG,0.7302,0.7095,1.4397,0.016666666666666666,0.09016666666666667,9.02
2025-02-13,HSIC,LONG,0.7772,0.6471,1.4243000000000001,0.016666666666666666,0.03683333333333334,3.68
2025-02-13,TFC,LONG,0.7803,0.6376,1.4179,0.016666666666666666,0.2535,25.35
2025-02-19,BLK,SHORT,0.1702,0.1903,1.6395,0.05,0.02416666666666667,2.42
2025-02-21,VZ,LONG,0.7209,0.6938,1.4146999999999998,0.016666666666666666,0.19083333333333333,19.08
2025-02-21,AIG,LONG,0.7397,0.6744,1.4141,0.016666666666666666,0.2415,24.15
2025-02-21,D,LONG,0.717,0.6904,1.4074,0.016666666666666666,0.13083333333333333,13.08
2025-02-24,APD,LONG,0.8778,0.7818,1.6596000000000002,0.016666666666666666,0.08483333333333334,8.48
2025-02-24,DE,LONG,0.874,0.6939,1.5678999999999998,0.016666666666666666,-0.1565,-15.65
2025-02-24,UNP,LONG,0.864,0.6955,1.5594999999999999,0.016666666666666666,-0.0025,-0.25
2025-02-25,APD,LONG,0.855,0.7025,1.5575,0.016666666666666666,0.06483333333333334,6.48
2025-02-25,GE,LONG,0.8569,0.6852,1.5421,0.016666666666666666,0.09083333333333334,9.08
2025-02-25,CDW,LONG,0.8176,0.707,1.5246,0.016666666666666666,-0.25383333333333336,-25.38
2025-02-26,T,LONG,0.7885,0.6901,1.4786000000000001,0.016666666666666666,0.1895,18.95
2025-02-26,GILD,LONG,0.8333,0.643,1.4763000000000002,0.016666666666666666,0.1655,16.55
2025-02-26,KVUE,LONG,0.7765,0.6783,1.4548,0.016666666666666666,0.06483333333333334,6.48
2025-02-27,TMUS,LONG,0.7964,0.7208,1.5171999999999999,0.016666666666666666,0.2568333333333333,25.68
2025-02-27,SBUX,LONG,0.7379,0.7421,1.48,0.016666666666666666,0.14150000000000001,14.15
2025-02-27,PNW,LONG,0.7846,0.6845,1.4691,0.016666666666666666,0.18416666666666667,18.42
2025-02-28,GE,LONG,0.8296,0.7358,1.5654,0.016666666666666666,-0.08850000000000001,-8.85
2025-02-28,GS,LONG,0.8681,0.6762,1.5443,0.016666666666666666,-0.26316666666666666,-26.32
2025-02-28,CVNA,LONG,0.8124,0.712,1.5244,0.016666666666666666,-0.2431666666666667,-24.32
2025-03-03,ACN,LONG,0.867,0.6366,1.5036,0.016666666666666666,-0.005166666666666668,-0.52
2025-03-03,UBER,LONG,0.8058,0.6852,1.491,0.016666666666666666,0.04083333333333333,4.08
2025-03-03,GE,LONG,0.7728,0.7101,1.4828999999999999,0.016666666666666666,-0.14450000000000002,-14.45
2025-03-04,DOW,LONG,0.9085,0.6871,1.5956000000000001,0.016666666666666666,0.25483333333333336,25.48
2025-03-04,OKE,LONG,0.898,0.6789,1.5769,0.016666666666666666,-0.4845,-48.45
2025-03-04,IP,LONG,0.8919,0.6781,1.57,0.016666666666666666,-0.43449999999999994,-43.45
2025-03-05,FITB,LONG,0.7596,0.7224,1.4820000000000002,0.016666666666666666,-0.25183333333333335,-25.18
2025-03-05,HRL,LONG,0.7437,0.7349,1.4786000000000001,0.016666666666666666,0.23950000000000005,23.95
2025-03-05,IP,LONG,0.7631,0.7146,1.4777,0.016666666666666666,0.1295,12.95
2025-03-06,MO,LONG,0.8018,0.7494,1.5512,0.016666666666666666,0.3615,36.15
2025-03-06,DUK,LONG,0.7758,0.7541,1.5299,0.016666666666666666,0.18883333333333333,18.88
2025-03-06,REG,LONG,0.7643,0.7594,1.5236999999999998,0.016666666666666666,-0.27316666666666667,-27.32
2025-03-07,HLT,LONG,0.8384,0.77,1.6084,0.016666666666666666,-0.5125,-51.25
2025-03-07,ACN,LONG,0.9082,0.6817,1.5899,0.016666666666666666,-0.2745,-27.45
2025-03-07,META,LONG,0.9184,0.6674,1.5857999999999999,0.016666666666666666,-0.23650000000000002,-23.65
2025-03-10,AJG,LONG,0.8162,0.7517,1.5679,0.016666666666666666,0.021500000000000002,2.15
2025-03-10,HLT,LONG,0.8253,0.7199,1.5452,0.016666666666666666,-0.5058333333333334,-50.58
2025-03-10,COST,LONG,0.8391,0.6906,1.5297,0.016666666666666666,-0.2578333333333333,-25.78
2025-03-11,COST,LONG,0.8888,0.6331,1.5219,0.016666666666666666,-0.3131666666666667,-31.32
2025-03-11,AJG,LONG,0.8688,0.6281,1.4969000000000001,0.016666666666666666,0.020166666666666666,2.02
2025-03-11,FISV,LONG,0.868,0.6131,1.4811,0.016666666666666666,-0.16116666666666668,-16.12
2025-03-12,LULU,LONG,0.826,0.626,1.452,0.016666666666666666,-0.17583333333333334,-17.58
2025-03-12,HOLX,LONG,0.7855,0.6475,1.4329999999999998,0.016666666666666666,-0.2005,-20.05
2025-03-12,GPN,LONG,0.7798,0.6521,1.4319000000000002,0.016666666666666666,0.08883333333333333,8.88
2025-03-13,TJX,LONG,0.7916,0.6275,1.4190999999999998,0.016666666666666666,-0.04783333333333333,-4.78
2025-03-13,IR,LONG,0.7234,0.6754,1.3988,0.016666666666666666,0.12083333333333335,12.08
2025-03-13,GPN,LONG,0.719,0.6601,1.3791,0.016666666666666666,0.2175,21.75
2025-03-14,MCD,LONG,0.8111,0.7659,1.577,0.016666666666666666,0.13616666666666666,13.62
2025-03-14,OMC,LONG,0.7981,0.7351,1.5332,0.016666666666666666,0.16483333333333333,16.48
2025-03-14,HIG,LONG,0.7593,0.762,1.5213,0.016666666666666666,0.1375,13.75
2025-03-17,BRO,LONG,0.7,0.6748,1.3748,0.016666666666666666,0.09416666666666666,9.42
2025-03-17,STZ,LONG,0.7401,0.621,1.3611,0.016666666666666666,-0.08583333333333334,-8.58
2025-03-17,OMC,LONG,0.7081,0.6454,1.3535,0.016666666666666666,0.05416666666666666,5.42
2025-03-18,MO,LONG,0.6825,0.7906,1.4731,0.016666666666666666,-0.0925,-9.25
2025-03-18,AON,LONG,0.7192,0.6157,1.3349,0.016666666666666666,0.03683333333333334,3.68
2025-03-18,KMB,LONG,0.6766,0.6529,1.3295,0.016666666666666666,-0.03983333333333333,-3.98
2025-03-19,MO,LONG,0.737,0.7607,1.4977,0.016666666666666666,-0.08516666666666667,-8.52
2025-03-19,CNP,LONG,0.6057,0.7419,1.3476,0.016666666666666666,0.020166666666666666,2.02
2025-03-19,NEE,LONG,0.6963,0.6506,1.3469,0.016666666666666666,0.016166666666666666,1.62
2025-03-20,MO,LONG,0.6602,0.7379,1.3981,0.016666666666666666,-0.035166666666666666,-3.52
2025-03-20,XEL,LONG,0.6313,0.7436,1.3749,0.016666666666666666,-0.13116666666666668,-13.12
2025-03-20,AWK,LONG,0.628,0.6486,1.2766,0.016666666666666666,-0.11050000000000001,-11.05
2025-03-21,DIS,LONG,0.766,0.6596,1.4256,0.016666666666666666,0.18483333333333332,18.48
2025-03-21,SYY,LONG,0.7346,0.678,1.4126,0.016666666666666666,-0.07516666666666669,-7.52
2025-03-21,UDR,LONG,0.6022,0.81,1.4122,0.016666666666666666,0.06683333333333333,6.68
2025-03-24,VLTO,LONG,0.6312,0.7666,1.3978,0.016666666666666666,-0.003166666666666667,-0.32
2025-03-24,DIS,LONG,0.7118,0.6727,1.3845,0.016666666666666666,0.08816666666666667,8.82
2025-03-24,BXP,LONG,0.6376,0.7304,1.3679999999999999,0.016666666666666666,0.05616666666666667,5.62
2025-03-26,META,SHORT,0.0462,0.1881,1.7657,0.05,0.5268333333333335,52.68
2025-03-27,META,SHORT,0.0495,0.1844,1.7661,0.016666666666666666,0.3775,37.75
2025-03-27,ZBH,LONG,0.6827,0.6785,1.3612,0.016666666666666666,0.16683333333333333,16.68
2025-03-27,CCI,LONG,0.6195,0.7133,1.3328000000000002,0.016666666666666666,0.20683333333333334,20.68
2025-03-28,LHX,LONG,0.6382,0.6096,1.2478,0.05,-0.09316666666666666,-9.32
2025-03-31,O,LONG,0.6147,0.6562,1.2709000000000001,0.05,0.09083333333333334,9.08
2025-04-01,O,LONG,0.7863,0.7612,1.5474999999999999,0.016666666666666666,-0.07916666666666666,-7.92
2025-04-01,KDP,LONG,0.6082,0.84,1.4482,0.016666666666666666,0.27416666666666667,27.42
2025-04-01,WMB,LONG,0.6763,0.7393,1.4156,0.016666666666666666,-0.08183333333333333,-8.18
2025-04-02,LUV,LONG,0.6317,0.6494,1.2811,0.025,-1.2078333333333333,-120.78
2025-04-02,FE,LONG,0.6132,0.6208,1.234,0.025,-0.17049999999999998,-17.05
2025-04-03,IP,LONG,0.6889,0.6997,1.3885999999999998,0.016666666666666666,-0.9458333333333334,-94.58
2025-04-03,EW,LONG,0.7776,0.6004,1.3780000000000001,0.016666666666666666,-0.28250000000000003,-28.25
2025-04-03,CMCSA,LONG,0.6093,0.7632,1.3725,0.016666666666666666,-0.5725,-57.25
2025-04-04,LUV,LONG,0.9001,0.7256,1.6257000000000001,0.016666666666666666,-0.9498333333333333,-94.98
2025-04-04,MET,LONG,0.8833,0.6688,1.5520999999999998,0.016666666666666666,-0.6585,-65.85
2025-04-04,VLTO,LONG,0.766,0.7624,1.5284,0.016666666666666666,-0.6098333333333333,-60.98
2025-04-07,LUV,LONG,0.7865,0.6996,1.4861,0.016666666666666666,0.6901666666666667,69.02
2025-04-07,EA,LONG,0.7007,0.7226,1.4233,0.016666666666666666,0.060833333333333336,6.08
2025-04-07,KIM,LONG,0.6643,0.7384,1.4026999999999998,0.016666666666666666,0.2895,28.95
2025-04-08,MNST,LONG,0.6444,0.7244,1.3688,0.025,0.07683333333333334,7.68
2025-04-08,COR,LONG,0.6824,0.6515,1.3338999999999999,0.025,0.11083333333333334,11.08
2025-04-09,CNC,LONG,0.7258,0.6781,1.4039000000000001,0.016666666666666666,0.1555,15.55
2025-04-09,ELV,LONG,0.6947,0.674,1.3687,0.016666666666666666,0.1375,13.75
2025-04-09,NOC,LONG,0.6501,0.6522,1.3023,0.016666666666666666,0.5688333333333333,56.88
2025-04-10,ELV,LONG,0.7286,0.7231,1.4517,0.016666666666666666,0.0835,8.35
2025-04-10,GD,LONG,0.7128,0.7354,1.4482,0.016666666666666666,0.21550000000000005,21.55
2025-04-10,CNC,LONG,0.7579,0.6841,1.4420000000000002,0.016666666666666666,0.04016666666666666,4.02
2025-04-11,MNST,LONG,0.756,0.7533,1.5093,0.016666666666666666,0.10016666666666667,10.02
2025-04-11,NOC,LONG,0.8055,0.6973,1.5028000000000001,0.016666666666666666,0.1708333333333333,17.08
2025-04-11,CNC,LONG,0.8131,0.6884,1.5015,0.016666666666666666,-0.0125,-1.25
2025-04-14,MOH,LONG,0.9016,0.6135,1.5151,0.016666666666666666,-0.24450000000000002,-24.45
2025-04-14,MNST,LONG,0.8021,0.6832,1.4853,0.016666666666666666,-0.02316666666666667,-2.32
2025-04-14,CI,LONG,0.841,0.6364,1.4773999999999998,0.016666666666666666,-0.015833333333333335,-1.58
2025-04-15,MCO,SHORT,0.0791,0.1283,1.7926000000000002,0.016666666666666666,0.19483333333333336,19.48
2025-04-15,MOH,LONG,0.9344,0.649,1.5834000000000001,0.016666666666666666,-0.5051666666666667,-50.52
2025-04-15,DG,LONG,0.7348,0.7022,1.437,0.016666666666666666,0.20350000000000001,20.35
2025-04-16,MOH,LONG,0.8754,0.6515,1.5269,0.016666666666666666,-0.6645,-66.45
2025-04-16,CNC,LONG,0.689,0.7295,1.4184999999999999,0.016666666666666666,-0.4578333333333334,-45.78
2025-04-16,KR,LONG,0.7355,0.6626,1.3981,0.016666666666666666,0.40750000000000003,40.75
2025-04-17,JBHT,LONG,0.6866,0.7127,1.3993,0.025,0.20216666666666666,20.22
2025-04-17,TGT,LONG,0.6678,0.6722,1.3399999999999999,0.025,0.26749999999999996,26.75
2025-04-21,NEM,LONG,0.7499,0.7987,1.5486,0.016666666666666666,-0.23383333333333337,-23.38
2025-04-21,CPRT,LONG,0.8534,0.6949,1.5483,0.016666666666666666,0.15283333333333335,15.28
2025-04-21,PLTR,LONG,0.8204,0.7057,1.5261,0.016666666666666666,0.5001666666666668,50.02
2025-04-22,SCHW,LONG,0.8335,0.7668,1.6003,0.016666666666666666,0.3935,39.35
2025-04-22,APH,LONG,0.8552,0.734,1.5892,0.016666666666666666,1.3035,130.35
2025-04-22,ALLE,LONG,0.8147,0.7668,1.5815000000000001,0.016666666666666666,0.8775000000000002,87.75
2025-04-23,EW,LONG,0.6784,0.7142,1.3925999999999998,0.016666666666666666,0.5135000000000001,51.35
2025-04-23,TSCO,LONG,0.6906,0.6586,1.3492,0.016666666666666666,-0.0485,-4.85
2025-04-23,ADM,LONG,0.6065,0.7172,1.3237,0.016666666666666666,-0.0405,-4.05
2025-04-24,CPRT,LONG,0.799,0.6538,1.4528,0.016666666666666666,-0.13583333333333333,-13.58
2025-04-24,O,LONG,0.6953,0.6518,1.3471000000000002,0.016666666666666666,-0.09383333333333332,-9.38
2025-04-24,KKR,LONG,0.608,0.6189,1.2269,0.016666666666666666,0.44416666666666665,44.42
2025-04-25,PEG,LONG,0.7096,0.744,1.4536,0.016666666666666666,-0.009166666666666667,-0.92
2025-04-25,FE,LONG,0.7388,0.7133,1.4521000000000002,0.016666666666666666,0.12416666666666668,12.42
2025-04-25,CL,LONG,0.7476,0.6758,1.4234,0.016666666666666666,-0.02716666666666667,-2.72
2025-04-28,NEM,LONG,0.8169,0.6942,1.5110999999999999,0.016666666666666666,-0.1565,-15.65
2025-04-28,O,LONG,0.8535,0.6388,1.4923000000000002,0.016666666666666666,0.1135,11.35
2025-04-28,FE,LONG,0.7586,0.7104,1.469,0.016666666666666666,0.08483333333333334,8.48
2025-04-29,EXC,LONG,0.8661,0.7327,1.5988,0.016666666666666666,0.016833333333333332,1.68
2025-04-29,DG,LONG,0.8956,0.6667,1.5623,0.016666666666666666,-0.1385,-13.85
2025-04-29,KR,LONG,0.8194,0.7386,1.558,0.016666666666666666,0.1708333333333333,17.08
2025-04-30,F,LONG,0.8857,0.8402,1.7259,0.016666666666666666,0.08483333333333334,8.48
2025-04-30,MNST,LONG,0.8204,0.8068,1.6272,0.016666666666666666,0.08950000000000001,8.95
2025-04-30,CNP,LONG,0.7796,0.782,1.5615999999999999,0.016666666666666666,0.13016666666666668,13.02
2025-05-01,F,LONG,0.9341,0.7378,1.6719,0.016666666666666666,0.10616666666666667,10.62
2025-05-01,KMI,LONG,0.8027,0.7689,1.5716,0.016666666666666666,0.14416666666666667,14.42
2025-05-01,HBAN,LONG,0.8672,0.7004,1.5676,0.016666666666666666,0.22416666666666668,22.42
2025-05-02,HBAN,LONG,0.8487,0.7498,1.5985,0.016666666666666666,0.11816666666666667,11.82
2025-05-02,F,LONG,0.8195,0.7618,1.5813000000000001,0.016666666666666666,0.16949999999999998,16.95
2025-05-02,HOLX,LONG,0.6521,0.786,1.4381,0.016666666666666666,-0.4858333333333334,-48.58
2025-05-05,ROST,LONG,0.6548,0.7265,1.3813,0.016666666666666666,0.12016666666666669,12.02
2025-05-05,CSX,LONG,0.6408,0.7393,1.3801,0.016666666666666666,-0.07716666666666668,-7.72
2025-05-05,COST,LONG,0.6039,0.7761,1.38,0.016666666666666666,-0.007833333333333335,-0.78
2025-05-06,ADBE,LONG,0.8026,0.714,1.5166,0.016666666666666666,0.050833333333333335,5.08
2025-05-06,CSX,LONG,0.741,0.7513,1.4923,0.016666666666666666,0.11416666666666667,11.42
2025-05-06,VTRS,LONG,0.6937,0.7948,1.4885,0.016666666666666666,0.3875,38.75
2025-05-07,TMO,LONG,0.9094,0.7532,1.6625999999999999,0.016666666666666666,-0.0645,-6.45
2025-05-07,HST,LONG,0.8099,0.7829,1.5928,0.016666666666666666,0.13283333333333333,13.28
2025-05-07,VTRS,LONG,0.8058,0.7834,1.5892,0.016666666666666666,0.2275,22.75
2025-05-08,FE,LONG,0.7148,0.8575,1.5723,0.016666666666666666,-0.19116666666666668,-19.12
2025-05-08,KIM,LONG,0.7586,0.7831,1.5417,0.016666666666666666,0.29683333333333334,29.68
2025-05-08,TSCO,LONG,0.7636,0.7691,1.5327,0.016666666666666666,0.22950000000000004,22.95
2025-05-09,TSCO,LONG,0.8523,0.7623,1.6145999999999998,0.016666666666666666,0.11483333333333333,11.48
2025-05-09,FE,LONG,0.7577,0.8389,1.5966,0.016666666666666666,-0.1985,-19.85
2025-05-09,VRSK,LONG,0.833,0.7446,1.5776,0.016666666666666666,-0.1365,-13.65
2025-05-12,ADBE,LONG,0.8516,0.7047,1.5563,0.016666666666666666,0.2808333333333333,28.08
2025-05-12,CAT,LONG,0.8537,0.7001,1.5537999999999998,0.016666666666666666,0.49150000000000005,49.15
2025-05-12,FE,LONG,0.746,0.7982,1.5442,0.016666666666666666,-0.21516666666666667,-21.52
2025-05-13,FE,LONG,0.6837,0.8791,1.5628,0.016666666666666666,0.11483333333333333,11.48
2025-05-13,BXP,LONG,0.8355,0.7105,1.546,0.016666666666666666,0.0375,3.75
2025-05-13,EVRG,LONG,0.7786,0.7551,1.5337,0.016666666666666666,0.035500000000000004,3.55
2025-05-14,T,LONG,0.9361,0.7595,1.6956,0.016666666666666666,0.3195,31.95
2025-05-14,HBAN,LONG,0.7925,0.8809,1.6734,0.016666666666666666,0.03683333333333334,3.68
2025-05-14,EIX,LONG,0.7288,0.8909,1.6197,0.016666666666666666,0.2901666666666667,29.02
2025-05-15,DLTR,LONG,0.8254,0.8521,1.6775,0.016666666666666666,0.04216666666666667,4.22
2025-05-15,LDOS,LONG,0.8105,0.8585,1.669,0.016666666666666666,0.28150000000000003,28.15
2025-05-15,JBL,LONG,0.8679,0.7551,1.623,0.016666666666666666,0.026166666666666668,2.62
2025-05-16,ALLE,LONG,0.8685,0.8368,1.7053,0.016666666666666666,0.035500000000000004,3.55
2025-05-16,DLTR,LONG,0.814,0.849,1.6629999999999998,0.016666666666666666,0.31083333333333335,31.08
2025-05-16,CTVA,LONG,0.8666,0.7956,1.6622,0.016666666666666666,0.08616666666666668,8.62
2025-05-19,CTVA,LONG,0.9496,0.8063,1.7559,0.016666666666666666,0.0335,3.35
2025-05-19,NFLX,LONG,0.7463,0.9233,1.6696,0.016666666666666666,0.016833333333333332,1.68
2025-05-19,APH,LONG,0.7697,0.8666,1.6363,0.016666666666666666,-0.09183333333333334,-9.18
2025-05-20,CTVA,LONG,0.9611,0.8609,1.822,0.016666666666666666,-0.021833333333333337,-2.18
2025-05-20,ALLE,LONG,0.9679,0.8325,1.8004,0.016666666666666666,-0.1325,-13.25
2025-05-20,HBAN,LONG,0.9202,0.8707,1.7909000000000002,0.016666666666666666,-0.2858333333333334,-28.58
2025-05-21,ALLE,LONG,0.8321,0.8926,1.7247,0.016666666666666666,-0.11050000000000001,-11.05
2025-05-21,C,LONG,0.9526,0.7405,1.6931,0.016666666666666666,-0.2471666666666667,-24.72
2025-05-21,CTVA,LONG,0.8292,0.8316,1.6608,0.016666666666666666,-0.011833333333333335,-1.18
2025-05-22,AEE,LONG,0.8589,0.7506,1.6095000000000002,0.016666666666666666,0.012833333333333334,1.28
2025-05-22,D,LONG,0.7519,0.8455,1.5974,0.016666666666666666,0.02283333333333333,2.28
2025-05-22,EBAY,LONG,0.737,0.8549,1.5918999999999999,0.016666666666666666,0.0795,7.95
2025-05-23,ALLE,LONG,0.901,0.7519,1.6529,0.016666666666666666,0.06883333333333333,6.88
2025-05-23,D,LONG,0.7932,0.8478,1.641,0.016666666666666666,0.026166666666666668,2.62
2025-05-23,BXP,LONG,0.8849,0.7074,1.5923,0.016666666666666666,0.32350000000000007,32.35
2025-05-27,BXP,LONG,0.8272,0.7794,1.6066,0.016666666666666666,0.4368333333333333,43.68
2025-05-27,D,LONG,0.7527,0.846,1.5987,0.016666666666666666,0.0475,4.75
2025-05-27,ABT,LONG,0.6765,0.8581,1.5346,0.016666666666666666,0.07816666666666666,7.82
2025-05-28,FIS,LONG,0.9371,0.828,1.7651,0.016666666666666666,-0.029833333333333337,-2.98
2025-05-28,C,LONG,0.932,0.6837,1.6157,0.016666666666666666,-0.013833333333333335,-1.38
2025-05-28,EIX,LONG,0.8224,0.7514,1.5737999999999999,0.016666666666666666,-0.16983333333333334,-16.98
2025-05-29,HOLX,LONG,0.8752,0.7627,1.6379000000000001,0.016666666666666666,-0.1785,-17.85
2025-05-29,FIS,LONG,0.8114,0.7938,1.6052,0.016666666666666666,-0.07383333333333335,-7.38
2025-05-29,C,LONG,0.8466,0.7182,1.5648,0.016666666666666666,0.06816666666666667,6.82
2025-05-30,WY,LONG,0.6817,0.609,1.2907,0.05,0.0075,0.75
2025-06-02,CTVA,LONG,0.6356,0.8783,1.5139,0.025,0.07016666666666667,7.02
2025-06-02,WY,LONG,0.608,0.6423,1.2503,0.025,0.0975,9.75
2025-06-03,AEE,LONG,0.8881,0.7725,1.6606,0.016666666666666666,-0.07783333333333334,-7.78
2025-06-03,HOLX,LONG,0.7316,0.759,1.4906000000000001,0.016666666666666666,0.1135,11.35
2025-06-03,WBD,LONG,0.7224,0.7425,1.4649,0.016666666666666666,-0.23383333333333337,-23.38
2025-06-04,J,LONG,0.7361,0.7439,1.48,0.016666666666666666,0.09616666666666666,9.62
2025-06-04,AEE,LONG,0.6598,0.8181,1.4779,0.016666666666666666,-0.08850000000000001,-8.85
2025-06-04,PNW,LONG,0.6655,0.7379,1.4034,0.016666666666666666,-0.09716666666666667,-9.72
2025-06-12,D,LONG,0.62,0.8212,1.4412,0.016666666666666666,-0.10116666666666667,-10.12
2025-06-12,DTE,LONG,0.752,0.6833,1.4353,0.016666666666666666,-0.036500000000000005,-3.65
2025-06-12,STX,LONG,0.6086,0.7237,1.3323,0.016666666666666666,0.23950000000000005,23.95
2025-06-13,HOLX,LONG,0.8312,0.6064,1.4376000000000002,0.016666666666666666,-0.11116666666666668,-11.12
2025-06-13,PKG,LONG,0.6339,0.7322,1.3660999999999999,0.016666666666666666,-0.1985,-19.85
2025-06-13,IVZ,LONG,0.6416,0.6858,1.3274,0.016666666666666666,-0.1925,-19.25
2025-06-16,HBAN,LONG,0.9319,0.7204,1.6522999999999999,0.016666666666666666,0.16150000000000003,16.15
2025-06-16,NDAQ,LONG,0.8475,0.7928,1.6402999999999999,0.016666666666666666,0.060166666666666674,6.02
2025-06-16,EMR,LONG,0.7923,0.8283,1.6206,0.016666666666666666,0.1655,16.55
2025-06-17,HBAN,LONG,0.9716,0.7413,1.7128999999999999,0.016666666666666666,0.12616666666666668,12.62
2025-06-17,DOV,LONG,0.9741,0.7092,1.6833,0.016666666666666666,-0.18116666666666667,-18.12
2025-06-17,TT,LONG,0.952,0.7178,1.6698,0.016666666666666666,-0.10850000000000003,-10.85
2025-06-18,ROK,LONG,0.9571,0.8495,1.8066,0.016666666666666666,0.07016666666666667,7.02
2025-06-18,TT,LONG,0.9766,0.7692,1.7458,0.016666666666666666,0.07816666666666666,7.82
2025-06-18,HBAN,LONG,0.9338,0.7297,1.6635,0.016666666666666666,0.2535,25.35
2025-06-20,BA,LONG,0.7818,0.7778,1.5596,0.016666666666666666,0.10950000000000001,10.95
2025-06-20,EXR,LONG,0.842,0.7094,1.5514000000000001,0.016666666666666666,0.09416666666666666,9.42
2025-06-20,ROK,LONG,0.8097,0.7401,1.5497999999999998,0.016666666666666666,0.0855,8.55
2025-06-23,ACGL,LONG,0.7015,0.7727,1.4742000000000002,0.016666666666666666,-0.06983333333333333,-6.98
2025-06-23,BXP,LONG,0.6332,0.7613,1.3944999999999999,0.016666666666666666,-0.45116666666666666,-45.12
2025-06-23,A,LONG,0.654,0.7236,1.3776000000000002,0.016666666666666666,0.17616666666666667,17.62
2025-06-24,CF,LONG,0.627,0.6552,1.2822,0.025,-0.4038333333333333,-40.38
2025-06-24,EOG,LONG,0.6389,0.6057,1.2446000000000002,0.025,-0.04716666666666666,-4.72
2025-06-25,WTW,LONG,0.755,0.6084,1.3634,0.016666666666666666,0.04616666666666666,4.62
2025-06-25,LYB,LONG,0.659,0.7012,1.3602,0.016666666666666666,0.03816666666666667,3.82
2025-06-25,DTE,LONG,0.6618,0.6627,1.3245,0.016666666666666666,-0.0805,-8.05
2025-06-26,ACGL,LONG,0.9373,0.6798,1.6171,0.016666666666666666,0.1355,13.55
2025-06-26,DD,LONG,0.7839,0.7351,1.5190000000000001,0.016666666666666666,0.05816666666666667,5.82
2025-06-26,LYB,LONG,0.7873,0.7221,1.5093999999999999,0.016666666666666666,0.043500000000000004,4.35
2025-06-27,DD,LONG,0.854,0.7089,1.5629,0.016666666666666666,0.2081666666666667,20.82
2025-06-27,HBAN,LONG,0.9243,0.6326,1.5569000000000002,0.016666666666666666,0.21616666666666667,21.62
2025-06-27,F,LONG,0.9186,0.6042,1.5228,0.016666666666666666,0.4508333333333333,45.08
2025-06-30,O,LONG,0.8205,0.8348,1.6553,0.016666666666666666,0.11549999999999999,11.55
2025-06-30,MO,LONG,0.7735,0.8021,1.5756000000000001,0.016666666666666666,0.04683333333333333,4.68
2025-06-30,IFF,LONG,0.9015,0.6694,1.5709,0.016666666666666666,0.20416666666666666,20.42
2025-07-01,IFF,LONG,0.8918,0.7188,1.6106,0.016666666666666666,0.2515,25.15
2025-07-01,A,LONG,0.709,0.8389,1.5478999999999998,0.016666666666666666,0.20416666666666666,20.42
2025-07-01,AEE,LONG,0.734,0.7854,1.5194,0.016666666666666666,-0.0018333333333333335,-0.18
2025-07-02,EVRG,LONG,0.7148,0.8338,1.5486,0.016666666666666666,-0.015833333333333335,-1.58
2025-07-02,SNDK,LONG,0.778,0.7033,1.4813,0.016666666666666666,0.03816666666666667,3.82
2025-07-02,PEG,LONG,0.6962,0.7672,1.4634,0.016666666666666666,-0.04716666666666666,-4.72
2025-07-03,NWSA,LONG,0.6218,0.7513,1.3731,0.05,-0.03183333333333333,-3.18
2025-07-07,EVRG,LONG,0.6056,0.7363,1.3418999999999999,0.05,-0.1305,-13.05
2025-07-08,NWSA,LONG,0.9304,0.6493,1.5796999999999999,0.016666666666666666,0.0655,6.55
2025-07-08,O,LONG,0.7054,0.7916,1.4969999999999999,0.016666666666666666,-0.06983333333333333,-6.98
2025-07-08,PNW,LONG,0.7751,0.6788,1.4539,0.016666666666666666,0.0915,9.15
2025-07-09,IVZ,LONG,0.7704,0.6781,1.4485000000000001,0.016666666666666666,0.29483333333333334,29.48
2025-07-09,EVRG,LONG,0.6649,0.7289,1.3938000000000001,0.016666666666666666,0.02683333333333333,2.68
2025-07-09,AEE,LONG,0.7092,0.6662,1.3754,0.016666666666666666,0.0835,8.35
2025-07-10,O,LONG,0.8067,0.7807,1.5874,0.016666666666666666,0.2081666666666667,20.82
2025-07-10,LYB,LONG,0.638,0.7881,1.4261,0.016666666666666666,-0.18583333333333332,-18.58
2025-07-10,EVRG,LONG,0.6724,0.7427,1.4151,0.016666666666666666,-0.030500000000000006,-3.05
2025-07-11,O,LONG,0.7365,0.7836,1.5201,0.025,-0.03183333333333333,-3.18
2025-07-11,AMGN,LONG,0.6058,0.6206,1.2264,0.025,-0.1751666666666667,-17.52
2025-07-14,O,LONG,0.9494,0.7988,1.7482,0.016666666666666666,-0.04383333333333334,-4.38
2025-07-14,BXP,LONG,0.7714,0.6869,1.4583,0.016666666666666666,-0.06383333333333334,-6.38
2025-07-14,OXY,LONG,0.6349,0.7887,1.4236,0.016666666666666666,-0.5305,-53.05
2025-07-15,TSCO,LONG,0.8108,0.7533,1.5640999999999998,0.016666666666666666,-0.13916666666666666,-13.92
2025-07-15,XOM,LONG,0.7708,0.7561,1.5269,0.016666666666666666,-0.1325,-13.25
2025-07-15,MGM,LONG,0.7642,0.7515,1.5156999999999998,0.016666666666666666,-0.09516666666666666,-9.52
2025-07-16,T,LONG,0.8517,0.6531,1.5048,0.016666666666666666,-0.0205,-2.05
2025-07-16,CHD,LONG,0.727,0.715,1.442,0.016666666666666666,0.0755,7.55
2025-07-16,DD,LONG,0.7716,0.6652,1.4367999999999999,0.016666666666666666,0.1315,13.15
2025-07-17,TFC,LONG,0.8105,0.7257,1.5362,0.016666666666666666,0.05483333333333334,5.48
2025-07-17,CMG,LONG,0.7159,0.798,1.5139,0.016666666666666666,-0.11516666666666667,-11.52
2025-07-17,GEHC,LONG,0.7206,0.784,1.5046,0.016666666666666666,-0.1145,-11.45
2025-07-18,EVRG,LONG,0.6401,0.7415,1.3816000000000002,0.05,0.19016666666666668,19.02
2025-07-21,IQV,LONG,0.866,0.6738,1.5398,0.016666666666666666,1.394166666666667,139.42
2025-07-21,F,LONG,0.8612,0.6781,1.5393,0.016666666666666666,0.13083333333333333,13.08
2025-07-21,LYB,LONG,0.8646,0.6706,1.5352000000000001,0.016666666666666666,0.4221666666666667,42.22
2025-07-22,O,LONG,0.9568,0.7088,1.6656,0.016666666666666666,0.19216666666666668,19.22
2025-07-22,MKC,LONG,0.8965,0.7386,1.6351,0.016666666666666666,0.06616666666666667,6.62
2025-07-22,T,LONG,0.9202,0.6898,1.6099999999999999,0.016666666666666666,0.13083333333333333,13.08
2025-07-23,JBL,LONG,0.7843,0.7111,1.4954,0.016666666666666666,0.050833333333333335,5.08
2025-07-23,CAH,LONG,0.7689,0.6575,1.4264000000000001,0.016666666666666666,0.0015,0.15
2025-07-23,TTWO,LONG,0.8104,0.6037,1.4141,0.016666666666666666,-0.18316666666666667,-18.32
2025-07-24,NWS,LONG,0.7688,0.6253,1.3941,0.016666666666666666,-0.006500000000000001,-0.65
2025-07-24,TXN,LONG,0.6815,0.6526,1.3340999999999998,0.016666666666666666,0.10683333333333334,10.68
2025-07-24,NWSA,LONG,0.6583,0.6455,1.3037999999999998,0.016666666666666666,-0.011833333333333335,-1.18
2025-07-25,JBL,LONG,0.7785,0.6113,1.3898,0.016666666666666666,0.36483333333333334,36.48
2025-07-25,LYB,LONG,0.6376,0.6833,1.3209,0.016666666666666666,0.19483333333333336,19.48
2025-07-25,MKC,LONG,0.6459,0.6456,1.2915,0.016666666666666666,0.12616666666666668,12.62
2025-07-28,NWS,LONG,0.7607,0.7028,1.4635,0.016666666666666666,-0.03383333333333333,-3.38
2025-07-28,LYB,LONG,0.6275,0.74,1.3675,0.016666666666666666,-0.5378333333333334,-53.78
2025-07-28,PSKY,LONG,0.6118,0.6822,1.294,0.016666666666666666,0.1275,12.75
2025-07-29,JBL,LONG,0.8989,0.7489,1.6478000000000002,0.016666666666666666,-0.0485,-4.85
2025-07-29,AEE,LONG,0.7532,0.7297,1.4828999999999999,0.016666666666666666,0.19016666666666668,19.02
2025-07-29,EVRG,LONG,0.7097,0.7206,1.4303,0.016666666666666666,0.2375,23.75
2025-07-30,CRH,LONG,0.9827,0.7283,1.7109999999999999,0.016666666666666666,-0.13783333333333334,-13.78
2025-07-30,PNW,LONG,0.9774,0.621,1.5984,0.016666666666666666,0.12683333333333333,12.68
2025-07-30,EIX,LONG,0.9499,0.6459,1.5958,0.016666666666666666,0.08616666666666668,8.62
2025-07-31,WTW,LONG,0.9404,0.7269,1.6673,0.016666666666666666,0.41550000000000004,41.55
2025-07-31,CHD,LONG,0.9231,0.7244,1.6475,0.016666666666666666,-0.30983333333333335,-30.98
2025-07-31,PNW,LONG,0.8937,0.6627,1.5564,0.016666666666666666,0.27216666666666667,27.22
2025-08-01,CRH,LONG,0.7935,0.7604,1.5539,0.016666666666666666,0.1741666666666667,17.42
2025-08-01,WTW,LONG,0.6751,0.717,1.3921000000000001,0.016666666666666666,0.18283333333333335,18.28
2025-08-01,PKG,LONG,0.6807,0.6136,1.2943,0.016666666666666666,-0.0085,-0.85
2025-08-04,JBL,LONG,0.8378,0.6755,1.5133,0.016666666666666666,0.06416666666666668,6.42
2025-08-04,NWS,LONG,0.8439,0.628,1.4719,0.016666666666666666,0.1315,13.15
2025-08-04,CRH,LONG,0.7441,0.7161,1.4602,0.016666666666666666,0.16483333333333333,16.48
2025-08-05,NWS,LONG,0.8285,0.6009,1.4294,0.016666666666666666,-0.0125,-1.25
2025-08-05,EW,LONG,0.6594,0.7328,1.3921999999999999,0.016666666666666666,-0.18050000000000002,-18.05
2025-08-05,NVDA,LONG,0.677,0.6039,1.2809,0.016666666666666666,0.028166666666666666,2.82
2025-08-06,RCL,LONG,0.7196,0.8039,1.5234999999999999,0.016666666666666666,-0.21316666666666667,-21.32
2025-08-06,BLK,LONG,0.7639,0.7583,1.5222,0.016666666666666666,0.0915,9.15
2025-08-06,HLT,LONG,0.7864,0.7236,1.51,0.016666666666666666,0.05483333333333334,5.48
2025-08-07,IQV,LONG,0.9315,0.6592,1.5907,0.016666666666666666,0.09683333333333334,9.68
2025-08-07,KMB,LONG,0.8988,0.6773,1.5761,0.016666666666666666,-0.12383333333333335,-12.38
2025-08-07,PCAR,LONG,0.7688,0.8013,1.5701,0.016666666666666666,-0.015833333333333335,-1.58
2025-08-08,PNC,LONG,0.9088,0.7007,1.6095000000000002,0.016666666666666666,0.1461666666666667,14.62
2025-08-08,EMR,LONG,0.8896,0.7136,1.6032,0.016666666666666666,0.0055,0.55
2025-08-08,CRH,LONG,0.9304,0.6567,1.5871,0.016666666666666666,0.3181666666666667,31.82
2025-08-11,DTE,LONG,0.8912,0.7503,1.6415,0.016666666666666666,0.05816666666666667,5.82
2025-08-11,CRH,LONG,0.8419,0.7074,1.5493000000000001,0.016666666666666666,0.26483333333333337,26.48
2025-08-11,RCL,LONG,0.781,0.7127,1.4937,0.016666666666666666,0.26416666666666666,26.42
2025-08-12,DTE,LONG,0.9531,0.7753,1.7284,0.016666666666666666,0.00016666666666666674,0.02
2025-08-12,JBL,LONG,0.967,0.6041,1.5711,0.016666666666666666,-0.15850000000000003,-15.85
2025-08-12,LNT,LONG,0.7717,0.7381,1.5098,0.016666666666666666,-0.06183333333333334,-6.18
2025-08-13,DTE,LONG,0.9661,0.6628,1.6288999999999998,0.016666666666666666,-0.0465,-4.65
2025-08-13,CMS,LONG,0.8107,0.7811,1.5918,0.016666666666666666,-0.04716666666666666,-4.72
2025-08-13,CNP,LONG,0.8232,0.7292,1.5524,0.016666666666666666,-0.061166666666666675,-6.12
2025-08-14,EVRG,LONG,0.921,0.7761,1.6971,0.016666666666666666,-0.16783333333333333,-16.78
2025-08-14,RL,LONG,0.8772,0.7266,1.6038000000000001,0.016666666666666666,-0.2758333333333333,-27.58
2025-08-14,EIX,LONG,0.9852,0.6119,1.5971,0.016666666666666666,-0.07716666666666668,-7.72
2025-08-15,RL,LONG,0.869,0.6141,1.4830999999999999,0.016666666666666666,-0.11649999999999999,-11.65
2025-08-15,CPB,LONG,0.7346,0.6789,1.4135,0.016666666666666666,0.05950000000000001,5.95
2025-08-15,DTE,LONG,0.6479,0.7178,1.3657,0.016666666666666666,-0.009833333333333336,-0.98
2025-08-18,T,LONG,0.9245,0.6278,1.5523,0.016666666666666666,0.09416666666666666,9.42
2025-08-18,ETN,LONG,0.7769,0.6575,1.4344000000000001,0.016666666666666666,-0.09183333333333334,-9.18
2025-08-18,CAT,LONG,0.7632,0.6445,1.4077,0.016666666666666666,0.20883333333333337,20.88
2025-08-19,CAT,LONG,0.6106,0.6075,1.2181000000000002,0.05,0.08416666666666667,8.42
2025-08-20,SNPS,LONG,0.6912,0.697,1.3881999999999999,0.016666666666666666,-0.0685,-6.85
2025-08-20,CBOE,LONG,0.6698,0.6368,1.3066,0.016666666666666666,0.0075,0.75
2025-08-20,O,LONG,0.6686,0.6322,1.3008,0.016666666666666666,-0.0105,-1.05
2025-08-21,VTR,LONG,0.7515,0.7272,1.4787,0.016666666666666666,-0.14116666666666666,-14.12
2025-08-21,PNW,LONG,0.7416,0.7261,1.4677,0.016666666666666666,-0.1685,-16.85
2025-08-21,GOOGL,LONG,0.7038,0.7555,1.4592999999999998,0.016666666666666666,0.3061666666666667,30.62
2025-08-22,C,LONG,0.8333,0.6608,1.4941,0.016666666666666666,0.22483333333333333,22.48
2025-08-22,PPL,LONG,0.6004,0.7757,1.3761,0.016666666666666666,-0.036500000000000005,-3.65
2025-08-22,FAST,LONG,0.6777,0.6841,1.3618000000000001,0.016666666666666666,0.11083333333333334,11.08
2025-08-25,V,SHORT,0.105,0.1826,1.7124000000000001,0.05,-0.006500000000000001,-0.65
2025-08-27,NOC,LONG,0.7767,0.7152,1.4918999999999998,0.016666666666666666,-0.03383333333333333,-3.38
2025-08-27,RMD,LONG,0.6951,0.7289,1.424,0.016666666666666666,-0.24983333333333335,-24.98
2025-08-27,MO,LONG,0.6766,0.7296,1.4062000000000001,0.016666666666666666,0.0755,7.55
2025-08-28,NOC,LONG,0.8162,0.7571,1.5733000000000001,0.016666666666666666,0.05683333333333333,5.68
2025-08-28,MO,LONG,0.7869,0.7122,1.4991,0.016666666666666666,0.07150000000000001,7.15
2025-08-28,TJX,LONG,0.7077,0.7794,1.4870999999999999,0.016666666666666666,0.06483333333333334,6.48
2025-08-29,KMB,LONG,0.911,0.7079,1.6189,0.016666666666666666,-0.037833333333333344,-3.78
2025-08-29,EIX,LONG,0.8563,0.7483,1.6046,0.016666666666666666,0.07616666666666667,7.62
2025-08-29,O,LONG,0.8616,0.6807,1.5423,0.016666666666666666,0.0095,0.95
2025-09-02,UHS,LONG,0.9252,0.625,1.5502,0.016666666666666666,0.15750000000000003,15.75
2025-09-02,WSM,LONG,0.7999,0.7314,1.5313,0.016666666666666666,0.5208333333333335,52.08
2025-09-02,NOC,LONG,0.7702,0.7491,1.5192999999999999,0.016666666666666666,-0.09116666666666667,-9.12
2025-09-03,GNRC,LONG,0.9375,0.7167,1.6542,0.016666666666666666,0.06616666666666667,6.62
2025-09-03,T,LONG,0.8508,0.6847,1.5354999999999999,0.016666666666666666,0.11616666666666668,11.62
2025-09-03,BR,LONG,0.8669,0.605,1.4719,0.016666666666666666,-0.02516666666666667,-2.52
2025-09-04,O,LONG,0.8452,0.7012,1.5464,0.016666666666666666,0.1315,13.15
2025-09-04,AON,LONG,0.7076,0.7468,1.4544000000000001,0.016666666666666666,-0.07183333333333335,-7.18
2025-09-04,GNRC,LONG,0.7453,0.691,1.4363,0.016666666666666666,0.3355,33.55
2025-09-05,CBRE,LONG,0.6836,0.7469,1.4304999999999999,0.016666666666666666,0.016166666666666666,1.62
2025-09-05,VZ,LONG,0.602,0.725,1.327,0.016666666666666666,-0.0925,-9.25
2025-09-05,MSI,LONG,0.6345,0.683,1.3175,0.016666666666666666,-0.009833333333333336,-0.98
2025-09-08,BR,LONG,0.8064,0.6343,1.4407,0.016666666666666666,-0.0245,-2.45
2025-09-08,GNRC,LONG,0.7402,0.6552,1.3954,0.016666666666666666,0.13616666666666666,13.62
2025-09-08,CMI,LONG,0.6688,0.682,1.3508,0.016666666666666666,0.09016666666666667,9.02
2025-09-09,PSKY,LONG,0.7636,0.6202,1.3838,0.05,0.9955000000000002,99.55
2025-09-11,HPE,LONG,0.6055,0.7342,1.3397000000000001,0.016666666666666666,0.10883333333333332,10.88
2025-09-11,GIS,LONG,0.6303,0.7024,1.3327,0.016666666666666666,-0.13383333333333333,-13.38
2025-09-11,PHM,LONG,0.6654,0.6168,1.2822,0.016666666666666666,-0.0285,-2.85
2025-09-12,ACGL,LONG,0.8021,0.6681,1.4702000000000002,0.025,-0.3551666666666667,-35.52
2025-09-12,MKC,LONG,0.6984,0.6385,1.3369,0.025,-0.2585,-25.85
2025-09-15,MKC,LONG,0.8431,0.7343,1.5774,0.016666666666666666,-0.20716666666666667,-20.72
2025-09-15,PG,LONG,0.7901,0.7324,1.5225,0.016666666666666666,0.10216666666666667,10.22
2025-09-15,ACGL,LONG,0.8387,0.6623,1.501,0.016666666666666666,-0.3551666666666667,-35.52
2025-09-16,AFL,LONG,0.8602,0.745,1.6052,0.016666666666666666,-0.025833333333333333,-2.58
2025-09-16,MKC,LONG,0.8853,0.6842,1.5695000000000001,0.016666666666666666,0.029500000000000005,2.95
2025-09-16,O,LONG,0.9384,0.6038,1.5422,0.016666666666666666,-0.12316666666666667,-12.32
2025-09-17,CTVA,LONG,0.7512,0.6621,1.4133,0.025,0.09283333333333332,9.28
2025-09-17,HPE,LONG,0.63,0.7607,1.3907,0.025,0.18816666666666668,18.82
2025-09-18,L,LONG,0.7364,0.6689,1.4053,0.016666666666666666,0.030166666666666668,3.02
2025-09-18,BDX,LONG,0.7364,0.6001,1.3365,0.016666666666666666,-0.036500000000000005,-3.65
2025-09-18,AEE,LONG,0.6365,0.613,1.2494999999999998,0.016666666666666666,0.0075,0.75
2025-09-19,PKG,LONG,0.8194,0.6041,1.4235,0.016666666666666666,-0.0085,-0.85
2025-09-19,MSI,LONG,0.6357,0.7486,1.3843,0.016666666666666666,-0.054500000000000014,-5.45
2025-09-19,T,LONG,0.6759,0.6636,1.3395,0.016666666666666666,-0.09383333333333332,-9.38
2025-09-22,T,LONG,0.6521,0.6808,1.3329,0.016666666666666666,-0.15916666666666665,-15.92
2025-09-22,HD,LONG,0.6006,0.651,1.2516,0.016666666666666666,-0.09516666666666666,-9.52
2025-09-22,LIN,LONG,0.6159,0.6169,1.2328000000000001,0.016666666666666666,-0.0685,-6.85
2025-09-23,LIN,LONG,0.6631,0.6937,1.3568,0.016666666666666666,-0.05583333333333334,-5.58
2025-09-23,CHD,LONG,0.6323,0.7212,1.3535,0.016666666666666666,-0.06516666666666668,-6.52
2025-09-23,FAST,LONG,0.6541,0.6776,1.3317,0.016666666666666666,0.10283333333333333,10.28
2025-09-24,BMY,LONG,0.6233,0.6519,1.2752,0.016666666666666666,-0.11783333333333335,-11.78
2025-09-24,MA,LONG,0.6331,0.6414,1.2745,0.016666666666666666,-0.05716666666666667,-5.72
2025-09-24,LIN,LONG,0.6267,0.6367,1.2634,0.016666666666666666,-0.07716666666666668,-7.72
2025-09-25,TMO,LONG,0.7484,0.6295,1.3779,0.016666666666666666,-0.08516666666666667,-8.52
2025-09-25,DD,LONG,0.6352,0.6324,1.2675999999999998,0.016666666666666666,0.10750000000000003,10.75
2025-09-25,NOW,LONG,0.6033,0.6641,1.2673999999999999,0.016666666666666666,0.052833333333333336,5.28
2025-09-26,BAC,LONG,0.7008,0.7154,1.4162,0.016666666666666666,-0.03383333333333333,-3.38
2025-09-26,PANW,LONG,0.7341,0.6518,1.3859,0.016666666666666666,0.04616666666666666,4.62
2025-09-26,MPC,LONG,0.6998,0.6849,1.3847,0.016666666666666666,-0.12583333333333332,-12.58
2025-09-29,PODD,LONG,0.6447,0.7504,1.3951,0.016666666666666666,-0.2525,-25.25
2025-09-29,WRB,LONG,0.6235,0.7473,1.3708,0.016666666666666666,-0.041833333333333333,-4.18
2025-09-29,AXP,LONG,0.646,0.721,1.367,0.016666666666666666,-0.2565,-25.65
2025-09-30,PODD,LONG,0.9029,0.7298,1.6327,0.016666666666666666,0.0335,3.35
2025-09-30,PFG,LONG,0.8102,0.7054,1.5156,0.016666666666666666,0.14416666666666667,14.42
2025-09-30,VZ,LONG,0.8759,0.6322,1.5081,0.016666666666666666,0.02283333333333333,2.28
